word,meaning,Tag1,Tag2,Tag3
dto(DTO),DataTransferObject／DTO（DataTransferObject）とは、関連するデータを一つにまとめ、異なるプログラム間やコンピュータ間でデータを受け渡すためのオブジェクトです。DTOは、データの受け渡しを整理し、コードをシンプルにする役割を持ち、フロントエンドとバックエンドなどアプリの異なる層の間でデータをやりとりする際に使用されます。,Java(J2SE),,
ビルド,ビルド（英：build）とはプログラムの元ネタ（ソースコード）をあれやこれやして実際のプログラムを作る作業のことです。,Java(J2SE),,
PrimeFaces(プライムフェイシズ),JSFとPrimeFacesとは何ですか？JavaserverFacesとしても知られるJSFは、Webアプリケーションを作成するためのJavaフレームワークです。Primephalyは、JSFと統合されているユーザーインターフェイスコンポーネントのライブラリであり、最新の魅力的な外観でWebアプリケーションの構築を促進します。JSFとPrimephalyは、Javaでスケーラブルで堅牢なWebアプリケーションを開発するための完全なソリューションを提供します。この記事では、JSFとPrimeFacesが何であるか、それらがどのように連携するか、そしてその主な利点と特性は何であるかを詳細に説明します。,Java(J2SE),,
decimal(デシマル),decimalは固定長整数型,Java(J2SE),,
infoファイル,「info」ファイルは、特定の情報を含むファイル形式で、以下のような用途があります32：TexinfoDocument:GNUProjectのTexinfoツールで作成されたフォーマットされた情報文書です。章やセクションを含むブック形式で保存されます。MinecraftForgeInformationFile:Minecraftの改造をインストールするためのツールで使用されるデータファイルです。JSONフォーマットのプレーンテキスト情報を含みます。GenericInformationFile:ソフトウェアやダウンロードに含まれる一般的なテキスト情報ファイルで、バージョン情報や著作権情報を文書化するために使用されます。これらのファイルは、特定のプログラムやテキストエディタで開くことができます。具体的な用途や開き方については、使用するソフトウェアに依存します。,Java(J2SE),,
正規表現,例えば「『あ』で始まるやつ！」や「『ほげ』という単語を含んでいて、さらに『い』で終わるやつ！」のように、文字列を指定する際に、あいまいな感じで指定できる表現方法のこと,Java(J2SE),,
.earファイル,JavaEEにおけるソフトウェアのパッケージの一つ。サーバへのアプリケーションの展開（デプロイ）などに用いられる。標準のファイル拡張子は「.ear」。,Java(J2SE),,
ブランチ（branch),枝、支流、支店、支線、分岐（する）、などの意味を持つ英単語。,Java(J2SE),,
トランク,他から分岐したのではない（親ブランチを持たない）オリジナルの系統のこと。,Java(J2SE),,
並行処理,並行処理は、複数のタスクが同時に一つのCPUコアで実行される（ように見える）ことを指します。,Java(J2SE),,
並列処理,並列処理は、複数のタスクが異なるCPUコアで同時に実行されることを指します。並行処理は論理的に同時に行われるが、順番は一定ではないという特徴があります,Java(J2SE),,
JDBC（読：ジェイディービーシー）,ODBC（データベースとやり取りするための通訳）のJava版。もう少し具体的に書くとJavaのプログラムとデータベースの間に入って仲立ちをしてくれる部品（に関する取り決め）<br>JDBCとは、Java DataBase Connectivity（ジャバ・データベース・コネクティビティ）の略であり、Javaプログラムがリレーショナルデータベース（RDB）にアクセスするための標準的なAPI（Application Programming Interface）です。JDBCは、Javaアプリケーションとデータベースの間に入り、「通訳」のような役割を果たします。,"Java(J2SE),API",,
キャスト（型変換）,キャスト（型変換）とは、変数の型変換を行うことを指します。Javaでは、アップキャストとダウンキャストという継承関係にあるクラスのオブジェクトをまとめて扱うことができます。,Java(J2SE),,
JVM,JVM（読：ジェイブイエム）とはJavaで作ったプログラムとコンピュータの通訳。もう少し具体的に書くとJavaの「一度書けば、どこでも動く」の思想を実現するための切り札で、Javaのプログラムを動かすためのソフトウェア,"Java(J2SE),ソフトウェア",,
ソート（sort）,ソート（sort）とは、複数のデータが並んだ列を、何らかの順序に基いて順番通りになるよう並べ替えること。数値を大きい順または小さい順に並べたり、文字をアルファベット順や五十音順に並べたり、日時を古い順または新しい順に並べ替えることが該当する。複数の同じ種類の要素が一列に並んでいる場合に、すべての要素に一律に適用可能な順序の規則を用いて並べ替える操作を意味する。,Java(J2SE),,
クラスの継承,あるオブジェクトの属性(メンバ変数)やその属性を使った処理(メンバメソッド)で共通するメンバ(メンバ変数とメンバメソッド)を集めたクラスがあるとします。このクラスに対して、共通するメンバはそのまま使用しつつも新たな属性や処理(メンバ)を加えることをクラスの継承といいます。,Java(J2SE),,
context,Javaにおける「コンテキスト(context)」は、プログラムの実行環境や状態を指します。具体的には、JavaのContextインターフェースは、ネーミングサービスやディレクトリサービスにアクセスするための環境を定義し、さまざまな設定やプロパティを伝達する方法を提供します。また、プログラム内での要素がその位置や内部状態によって異なる振る舞いをすることも「コンテキスト」と呼ばれます。さらに、Android開発においては、ContextWrapperクラスが重要な役割を果たし、アクティビティのライフサイクルに依存しています。,Java(J2SE),,
エクスクラメーションマーク(ビックリマーク),"エクスクラメーションマークは、プログラミング言語においては『否定』の意味で、よく登場する。例えば、／a=1;／b=2;／if(a!=){／print""hoge"";／}",Java(J2SE),,
ディストリビューション（Java Distribution）,Javaのディストリビューション（Java Distribution）とは、Java開発・実行環境であるJDK (Java Development Kit) や JRE (Java Runtime Environment) の特定のベンダー（提供元）によるパッケージやビルドのことです。<br>Javaはオープンソース化されて以降、Oracle社以外にも多くの企業やコミュニティが、独自のビルドやサポート体制を持つJDKを提供しています。これらの提供元が異なるJDKのパッケージが「Javaディストリビューション」と呼ばれます。Javaのディストリビューション（Java Distribution）とは、Java開発・実行環境であるJDK (Java Development Kit) や JRE (Java Runtime Environment) の特定のベンダー（提供元）によるパッケージやビルドのことです。<br>Javaはオープンソース化されて以降、Oracle社以外にも多くの企業やコミュニティが、独自のビルドやサポート体制を持つJDKを提供しています。これらの提供元が異なるJDKのパッケージが「Javaディストリビューション」と呼ばれます。,Java(J2SE),,
APIエンドポイント（API Endpoint）,APIエンドポイント（API Endpoint）とは、API（Application Programming Interface）が提供する機能にアクセスするための通信の接点となる、特定の URL のことです。<br><br>簡単に言えば、「この情報が欲しい」 または 「この操作をしてほしい」 というリクエストを送信するサーバー上の住所のようなものです。,programing,,
チケット管理ツール,チケット管理ツールとは、企業やプロジェクト内で発生するあらゆる種類の「タスク」「問題」「要望」「問い合わせ」などを、一つ一つ「チケット」という単位で記録し、その発生から解決までの進捗を一元的に管理するためのシステムです。,"system,programing",,
BEAM,BEAM⇒生産フローの変更や作業指示の発行と基礎情報登録業務をIT化し、業務効率向上及び作業ミス防止を図るシステムのこと。また、BEAMは、生産制御システム(MESALFA)と連携した基礎情報特別作業指示を対象とした業務領域を改善するシステムのこと。,BEAM,,
基礎情報変更,基礎情報変更⇒生産フローの基礎情報を改訂管理する機能のこと。,BEAM,,
特別作業指示,特別作業指示⇒特定ロットの作業条件を一時的に変更する機能のこと。（行程作業のより細かい部分を変更する。）,BEAM,,
SQL,SQL（StructuredQueryLanguage：構造化照会言語）は、データベースを操作するための言語です。主に、リレーショナルデータベース（RDB）に対し、データの検索、追加、更新、削除を行ったり、テーブルなどデータベース構造を定義したりするために使われます。,DB,,
PQC,PQC⇒量子コンピュータに対しての安全性を保つ暗号方式のこと。（POSTQUALITY-^\,BEAM,,
ALFA,ALFA⇒過去のlotの処理履歴をfeed-backして最適条件値を演算し、後続lotの先行処理を廃止するすることを目的としたsystem,BEAM,,
ロット,ロット⇒ロットの意味は「製造販売の単位」です。主に製造業において使われている言葉です。連続した同一条件で製造した製品の一つのまとまり、ひと組を指す場合と、製品を受注または発注する際の最小のまとまり、単位を示す意味です。,半導体,,
ウェハ,ウェハ⇒半導体材料を薄く円盤状に加工してできた薄い板のことである。半導体基板の材料として用いられている。,半導体,,
セッション情報,webサイトを閲覧したときに、訪問者が訪れたサイトや入力したデータ、利用環境などの情報をwebブラウザに保存する仕組みのこと。,network,,
テンポラリ,テンポラリ（英：temporary）とは「一時的な」って意味です。,network,・テンポラリセッション,
トークン,システムの意味でのトークン (Token) は、文脈によって複数の意味を持ちますが、ITセキュリティやプログラミングにおいて最も一般的には、「何かを認証または承認するために使用される、意味を持つか、またはランダムに生成された短いデータ片」を指します。<br>これは、ユーザー名やパスワードといった本来の認証情報の**「代理」として機能する、使い捨ての鍵や証明書**のようなものです。,"証明書,system",,
text/css,text/css⇒「このファイルはCSSファイルですよ」を意図した表現,CSS,,
,CRYPTOGRAPHY）,,,
パラメータ,パラメーター⇒結果に影響を与える外から渡す値のこと。,BEAM,,
APC,APC(AdvancedProcessControl)は、プロセス制御の一種で、化学プラントや電力プラントなどのプロセス系と呼ばれるシステムを対象とした制御技術のことを指します,BEAM,,
トランザクション,トランザクションとは、ITの分野では、取引記録など一般的な意味の他に、ソフトウェアがデータを処理する際、互いに関連依存する複数の処理をまとめ、一体不可分の処理単位として扱うことを指す場合が多い。<br><br>トランザクションとは、「ここからここまでワンセット」な処理単位。分割できない一連の流れ。データベースの話でよく出てくる。,"処理,DB",,
横展開,横展開（水平展開）⇒今持っている知識や技術、ノウハウなどの資産を、今までとは違う場所で活用すること,IT全般,,
branch(ブランチ),ロット流動に於いて、mainprocessflowと別に条件振り等のためにsystemに登録された分岐flowのこと,開発,,
インデックス,インデックス⇒検索エンジンさんの中に記録されているホームページの情報のこと（SEO的な意味）。,フロントエンド,,
metaタグ,metaタグ⇒ホームページのファイルに書く、そのページに関する説明書き（を書くときに使う目印）,HTML,,
VB,VB⇒「VisualBasic」の省略表現。マイクロソフトさんが開発した、Windowsで動くプログラムを作るためのプログラミング言語,VBA,,
バッチ処理,バッチ処理⇒プログラム（データ）を処理目的ごとにまとめ、そのデータを順次処理していく一連の流れ、システムを指します。,network,,
パッチ,ソフトに変更を加えるために用意された、後付けのプログラムのこと。／■パッチ適用の一般的な手順①準備:対象ソフトウェアとパッチが合致しているか確認します。／システムファイルや設定データのバックアップを取得します。／パッチの対象となっている関連サービスやプロセスをすべて停止します。②実行:パッチファイルを指示された場所に配置します。／実行ファイル（.exeなど）の場合はダブルクリックで実行し、指示に従います。／スクリプト（.batなど）の場合は管理者権限で実行します。③確認：停止したサービスやソフトウェアを再起動します。／バージョン情報画面などで、パッチが正しく適用されているかを確認します。／パッチが修正した機能が正常に動作するかをテストします。,network,,
セキュリティパッチ,セキュリティパッチ（英：securitypatch）とは、ソフトやシステムのセキュリティ的な欠陥を直す目的で配られる、後付けのプログラムのことです。,network,自動で行われることもあるが、エラーなどでパッチが当たらないこともあるため、手動で行わなければならないこともある。,
SWD,総合的なデバックソリューションであり、CPUやEPGAのデバック用のインタフェースとして使われている。,network,,
ILMT,ILMT（IBMLicenseMetricTool）とは、コンピュータ内で使用されているIBM社製ソフトウェアが使用許諾条件（ライセンス）に合致しているか調べることができる調査ツール。<br>コンピュータ内で使用されているIBM社製ソフトウェアが使用許諾条件に合致しているか調べることができる調査ツール。<br>ILMT(IBMLicenseMetricTool)はIBMライセンス・メトリック・ツール(IBMLicenseMetricTool)の略称です。IBMのソフトウェア製品のライセンス使用状況を管理し、コンプライアンスを維持するためのツールとなっています。,"IBM,ライセンス調査ツール",,
ILMT,ILMT（IBMLicenseMetricTool）とは、コンピュータ内で使用されているIBM社製ソフトウェアが使用許諾条件（ライセンス）に合致しているか調べることができる調査ツール。<br>コンピュータ内で使用されているIBM社製ソフトウェアが使用許諾条件に合致しているか調べることができる調査ツール。<br>ILMT(IBMLicenseMetricTool)はIBMライセンス・メトリック・ツール(IBMLicenseMetricTool)の略称です。IBMのソフトウェア製品のライセンス使用状況を管理し、コンプライアンスを維持するためのツールとなっています。,"IBM,ライセンス調査ツール",,
Zabbix,Zabbix⇒ラトビアのZabbix社が開発し、オープンソフトウェアとして公開されている、サーバやネットワークの状態を一元的に監視するシステム監視ソフトの一つ。,ツール,,
SiView,複数ロットを搭載したウエーハキャリアを扱えるLSIラインの工程管理システム。,BEAM,,
デルタ,２つの値または状態の差分を表す用語。デルタは、省略形の文字Δを使用して差分を表します。,その他,,
リグレッションテスト,⇒変更していないところがおかしくなっていないか確認するテスト。,BEAM,,
マージ,マージ⇒何かと何かを「結合する」とか「統合する」とか「合体する」とか、そんな感じの意味,BEAM,,
hostsファイル,,network,,
hostsファイル,hostsファイルは、ドメイン名とIPアドレスの対応関係をローカルで定義するファイルです。通常、インターネット上の名前解決はDNSサーバを通じて行われますが、hostsファイルに記載がある場合は、DNSよりも優先してその情報が使われます。<br>なんちゃってDNSサーバなファイル。「ホスト名として〇〇が指定さてたらIPアドレス××のことだよ」のように、ホスト名とIPアドレスの対応付けを書いておくファイルのこと。<br><br>💻 hostsファイルの保存場所<br>Windowsの場合、ご質問の通り以下のパスにあります。<br>Windows: C:\Windows\System32\drivers\etc\hosts<br>MacやLinuxなど、他の主要なOSでの保存場所は以下の通りです。<br>macOS/Linux:/etc/hosts（/private/etc/hostsへのシンボリックリンクである場合が多いです）<br><br>🎯 hostsファイルの内容を変更することでできること<br>hostsファイルは、特定のドメイン名（ホスト名）とそれに対応するIPアドレスを結びつけるためのファイルです。<br>このファイルは、インターネット上の名前解決システムであるDNS（Domain Name System）よりも優先して参照されるという重要な特徴を持っています。<br>内容を変更することで、主に以下のことができます。<br>開発・テスト環境での動作確認: サーバーを移行する際や、新しいWebサイトを公開する前に、実際のDNS設定を変更することなく、特定のドメイン名で新しい（移行先や開発中の）サーバーのIPアドレスにアクセスして動作を確認できます。<br>例: 自分のPCでのみ、example.comというドメインをテストサーバーのIPアドレスに強制的に振り分ける。<br>特定のWebサイトへのアクセスブロック: 悪質なサイトや広告サーバーのドメイン名を、**ローカルホスト（自分のPC自身、IPアドレスは通常127.0.0.1）**に割り当てることで、そのサイトへのアクセスをブロックできます。<br><br>📝 hostsファイルの書き方<br>基本的な書式はシンプルで、「IPアドレス」と「ホスト名（ドメイン名）」を半角スペースまたはタブで区切って1行に記述します。<br>書式<br>Plaintext<br>[IPアドレス] [半角スペースまたはタブ] [ホスト名（ドメイン名）]<br>記述例<br>例えば、example.comというドメインを192.168.1.100というIPアドレスを持つサーバーに見せたい場合は、hostsファイルの末尾に以下のように追記します。<br>Plaintext<br># 例: example.comを192.168.1.100に割り当てる<br>192.168.1.100 example.com<br>192.168.1.100 www.example.com<br>コメント: #（シャープ）で始まる行はコメントとして扱われ、設定には反映されません。<br>注意点: hostsファイルを編集・保存するには、通常管理者権限が必要です。また、編集後はすぐに設定が反映されない場合があるため、ブラウザのキャッシュをクリアしたり、ネットワーク設定を再起動したりする必要がある場合があります。<br>編集作業が完了したら、忘れずに元の状態に戻すようにしましょう。そうしないと、意図しないサーバーにアクセスし続けることになります。,network,,
Wafer,WaferEnd⇒後工程？,半導体,,
コミット⇒,「約束する」とか「合意する」とかそういうニュアンスの用語。,BEAM,,
ナレッジ化,個人や組織が持つ知識や経験を体系的に整理し、共有活可能な形式に変換するプロセスのこと。,,,
IBM株式会社,情報システムに関わる製品サービスの提供,,,
GID,UNIX系のOS(コンピュータの人格に相当Sるうソフト)(LINUXとか)で使用される、グループ識別用の番号のこと。,,,
grep⇒,grep⇒テキストファイルから文字列を検索するプログラムのこと。,,,
VisualStudio,マイクロソフトが作った、C#やVisualBasic等のプログラミングを使ってプログラムを作るための機能や部品がいろいろ詰まったソフト,IDE,,
タスクマネジ,タスクマネジャー⇒プロセスの管理やパフォーマンスの監視、ウィンドウズ起動時に自動で軌道するソフトウェアの管理ができる。,,,
coreファイル⇒,ファイル名がcore。プログラムが異常終了したときに出力される。メモリの状態とかが書き込まれている。UNIX系のパソコンで登場する。,,,
ddlファイル,ddlファイル⇒データベースのデータ構造を定義するために使用されるファイル,DB,,
VBA関数,VBAを最初から使える関数で、処理を簡単に作るための便利機能。,,,
採番,データやドキュメントに一意の識別番号を付与するプロセス,,,
REF,REF⇒参照を意味する（referenceレファレンス）の略であり、Excelで、#REF！エラーが出る原因は「数式で参照しているセルが正しくない」からです。,,,
wi,windwosserver⇒コンピュータの人格に相当するソフト（os）の一つであり、マイクロソフトさんが作っているサーバ用のOSの名前のシリーズ名部分。,,,
ロジック（logic）,ロジック⇒プログラムにおける処理の内容、手順、方法のこと。,,,
SQLServer,windowsのシステムでよく使われる、マイクロソフトさんが作ったデータベース。,DB,,
view(ビュー),ビュー⇒データベースのビューとは、一つ以上の表（テーブル）から必要な要素だけを取り出して作った仮想的な表のこと。,DB,,
マージ,分離したブランチを再び元のブランチに統合することができるシステムもあり、この操作をマージ(merge）という。,,,
デバッグ,「あれ？なんか、おかしいんだけど？」な状況（不具合）の原因を探して直すこと※デバック⇒×、デバッグ⇒〇,,,
コミット,「やった処理の結果を確定させること、あるいは約束すること」,,,
モジュール,「そいつ単独でも機能としては成立するけど、普通は他のものと組み合わせて使うよ！」な部品のこと,development,,
デプロイ,作ったプログラムをしかるべき場所に置いたり、あれやこれやの設定をしたりして、使える状態にすること,,,
,レチクル⇒半導体製造において重要な役割を果たすもの。フォトマスクと似ていますが、使用されるスケールが異なる。レチクルはフォトマスクのパターンを縮小してウエハー上に正確に投影するために仕様されるツールです。,,,
,マトリックス⇒行と列で表現された表のこと。,,,
,マスタデータ⇒システムを動かす前から入れておく必要のあるデータ,,,
,トランザクションデータ⇒システムを動かすことによって蓄積されていくデータ。,,,
マスターテーブル,何かの基礎となるデータが入っているテーブルであり、システムを使う最初の段階からないと困るデータが入っているテーブル。,DB,,
,フレキシブル⇒「柔軟な」とか「融通を聞かせて」的な意味,,,
,レシピ⇒ウエーハプロセス処理の制御を行うために、各プロセス装置へのプロセスシーケンス及び制御パラメータ（温度、圧力、ガスの種類及びガス流量、時間などの制御目標値）に関する装置個別の処理プログラム。,,,
受け入れテスト（UAT）,お客様でやる「これは、ちゃんと完成しているかな？代金を支払ってもいいと思えるできかな？」を確認するテストのこと。要は、お客様による完成度チェック。※「UserAcceptanceTest」の略だよ,,,
総合テスト(ST),システムテスト（ST：SystemTesting）は、「総合テスト」とも呼ばれており、要件定義で作成した要件の内容に沿っているかを確認するテストのことです。システムテストは結合テストの後工程で行われます。すべての機能が揃った状態で以下の目的で評価します。①ハードウェアや通信回線なども含め、ソフトウェアのシステム要件に準拠しているか②機能間の連携は取れているか③運用や保守が実現可能であるかなど,関係システム全体を通してテストを行い、運用が成り立つかを確認する。実務環境での総合的な観点でテストする。,,
ホスト名,ネットワーク上でコンピュータを識別するためにつける、コンピュータの名前のこと。,,,
WAS(ワズ),WAS(webaplicationserver)→データベースはこっちのコンピュータ、プログラムはあっちのコンピュータ、のように、複数のコンピュータで役割分担する構成になっているシステムにおいて、プログラムが置いてあるコンピュータ。／WASを一言で言うとデータベース接続やスレッド処理、ワークロード管理に強みがあるJavaベースの商用アプリケーションサーバであり、同ミドルウェアはIBMより提供されている。,IBM,,
ASML,オランダの半導体装置メーカー。,,,
輪番制,複数の人が順番に担当になる制度のことで、公平性や予定がたてやすいなどのメリットがある。,business,,
ワークスペース,業務で利用するツールやアプリケーションに、いつでもどこでもアクセスできる統合基盤,開発,,
Shift-JIS（シフトJIS）,「文字符号化方式」と呼ばれるもののひとつ。文字コード（文字に割り当てられた数字）の話で出てくる用語の一つであり、コンピュータさんが使う「文字に割り当てた番号」と「実際にコンピュータさんが扱う数字の対応表」の一つ。要は、「文字に割り当てた番号」と「実際にコンピュータさんが扱う数字」の対応表のこと。,HTML,,
UTF-8,※UTF-8も同じく対応表のこと。,HTML,,
張りぼて,実在しないものや本物とは異なるものを装っているものを指す日本語特融の言葉。見た目や形だけ整えて実物そっくりに見せかけること。,,,
コメントアウト,書いてあるコードをコメントにすること（で処理としては削除すること）。,開発,,
テンポラリ,一時的に用意された何かのこと。,IT全般,,
スクリプト,人間後で書いたプログラムの元ネタ（ソースコード）をコンピュータがわかる形に変換する作業（コンパイル）を人間様が意識しないで済むプログラム。要は、書いて、すぐ実行できるプログラムのこと。,開発,,
,コンフィグファイル⇒設定ファイルのこと。プログラムとかで使う「変更するかもしれない値（設定地）が書いてあるファイルのこと。」【拡張子:「.conf」】,,,
パッチ,ソフトに変更を加えるために用意された、後付けのプログラム。,プログラム,,
バッチ,「バッチ処理」「バッチファイル」の省略表現。「どこかのタイミングでまとめてやりましょう！な処理のこと.。windowsで使える、ファイルの種類を表す目印（拡張子）が「.bat」なファイル。コマンドプロンプトで実行できるコマンドをまとめて書いたファイルのこと。どこかのタイミングでまとめてやる処理（バッチ処理）が中に書かれているファイルのこと。,プログラムまとめファイル,,
,tsmファイル⇒Windowsを実行しているデバイスで使用可能なソフトウェアアプリケーションによってサポートされている。,,,
tsmサーバー,TSMサーバーとは、一般的に「TivoliStorageManager（ティボリ・ストレージ・マネージャー）」サーバーの略です。<br>■詳しい説明→①IBMが提供する**バックアップおよびリカバリー用のサーバーソフトウェア**です。②サーバーやPCのデータを自動的にバックアップし、障害時にはデータを復元できます。③企業の大規模なデータ管理や災害対策（DR：ディザスタリカバリ）でよく使われます。■主な用途①サーバーやクライアントPCのデータバックアップ②データの世代管理やスケジュールバックアップ③データのリストア（復元）■まとめ：TSMサーバーは、企業向けのデータバックアップ・リカバリーを行うためのIBM製サーバーソフトウェアです。,network,,
,パラメータ⇒外から入ってくる値。難しく言うと、処理結果に影響を与える外部から投入される変動要素のこと。,,,
レイヤ,お絵描きツール用語で、「恵右描くスペース（透明な画用紙）」のこと。本来の実は、階層構造になっている何かの各々の層のこと。,,,
,DDFファイル⇒通常、ダイアモンドディレクティブファイルとみなされるファイルで、設定ファイルとして一般的に使用されるファイル。テキストエディターを使用して編集及び変更ができる。,,,
,DDL（データ定義言語）⇒データベースに対する命令の分類の一つであり、データを入れておく箱に対して、あれやこれやするときに使う命令のこと。,,,
,PQC(ProcessQualityControl)⇒process中の検査工程のこと。process種/作業ごとに、線幅、膜厚、残膜などをspecを設けて管理している。,,,
,※口語的に言うと⇒ウェーハ加工の過程で行われる様々な測定検査のこと。品質や加工に異常がないことを保証するためのもので、加工処理ごとに配線の太さや成膜量などの規格値を設けて管理している。規格を外れたものは状況により「再生」やそのまま流動やどうしようもない場合にはスクラップ（廃棄）処理をする。原因がわからない場合はオフライン解析などで原因特定を行う。,,,
,レシピ⇒工程、作業を合わせてレシピという。,,,
,SPEC⇒入力下限値、SPEC下限値、管理下限値、目標値、管理上限値、SPEC上限値、入力上限値をまとめてSPECと呼ぶ。,,,
APC,APC(AmericanPowerConversation)は、サーバールームやデータセンターの物理インフラストラクチャソリューションを提供しているブランドです。※特徴①高可用性、低トータルコストの完全な物理インフラストラクチャソリューション※特徴②サーバールーム全体の環境情報やデータを統合できるため、データに基づいた効率的な運用や一拠点での一元管理を実現できる。APCのソリューションは、信頼性、統合性、管理性を重視しており、サーバールームの運用をサポートしています。※url⇒https://www.apc.com/jp/ja/solutions/business-solutions/server-rooms.jsp,,,
WBS,プロジェクトを必要な成果物ごとに階層的に分解して構造化する手法。WBSとは、プロジェクトを必要な成果物ごとに階層的に分解して構造化する手法です。WBSは、プロジェクト推進や管理の基本であり、スケジュール作成や管理の基本であり、スケジュール作成や進捗管理、見積もりなどに利用されます。WBSは、WorkBreakdownStructureの略語で、日本語では作業分解構成図や作業分解図とも呼ばれる。,,,
SiView,IBMが持つ、MES(ManufacturingExecutionSystem)の領域の製品になります。半導体を作る、主に前工程のシステムで、工程管理、生産管理、スケジュール管理などで使用される。,,,
MES(ManufacturingExecutionSystem)(製造実行システム),工場の生産ラインの各部分とリンクすることで、工場の機械や労働者の作業を管理監視するシステム。,,,
インポート,ソフトとかの中にデータを取り込むこと。エクスポートの逆のこと。,,,
リファレンス（reference）,何かの値を参照しているもののこと。,,,
REF,リファレンスを略すと気に使う。※REF値ともいう。,,,
SVN,「ApacheSubversion」のこと。バージョン管理システムの一つであり、ファイルの変更履歴を管理してくれるシステムのひとつです。,,,
リポジトリ,「レポジトリ」ともいう。ファイルなり、プログラムなり、設定情報なり、何らかの「保管場所」をかっこつけていった表現のこと。,,,
Tivoli（チボリ）,米IBM社のソフトウェア製品のブランド名の一つで、主に企業などの情報システムの運用管理を行うためのツールなどが含まれる。,IBM,,
REORG（りオルグ）,REORG（りオルグ）⇒表は更新、追加、削除等で崩れ、デフラグメンテーションが発生します。ページの中に空き容量がないようにレコードを詰め直すユーティリティです。崩れてずれた箇所をきれいに整えたいのです。※DB2で実行するもの。,DB,,
デフラグメンテーション（英defragmentation）,「フラグメンテーション」の逆であり、本来は一塊のデータがバラバラになった状態で記憶されている状態から、できるだけまとまった状態に整理することです。,DB,,
,ベタ打ち⇒指定された文書を基に、見出しやフォントなどを変更せずにそのままテキストを入力する作業のこと。,,,
初期流動確認,量産前に工程を作り込む段階で、工程能力の確認、１日の生産数の確認、不良率のデータ取り等を行う。初期流動管理は、予防保全活動の一種であり、初期の段階で洗剤不良の要因をつぶしてしまうための活動で、期間は最低３か月である。<br>量産を開始後の初期段階初期流動期間とは、量産を開始後の初期段階のことで、不具合が発生しやすく、工程が安定しない時期になる。初期流動とは、新製品・サービスの量産初期、あるいは大幅な設計変更または、製造工程の変更後の本格生産のように、新たな製品・サービスの製造を開始することをいい、初期流動管理は、試作から量産移行する際に、初期品質不具合を検出できるように高い検出感度で取り組む特別管理のことである。,BEAM,,
トレースファイル,アプリケーションコマンドの実行を１ステップずつ追跡し、エラー発生時にアプリケーションがどの操作フェーズにあったかを検出するのに役立つファイル。SQLServerProfileでは、トレースで収集されるイベントクラスやデータ列を定義するファイルとしても使用される。,,,
ALFA,AlgorithmofstatisticalFine-processAnalysisの略語。過去のlotの処理履歴をfeed-backして最適条件値を演算し、後続lotの先行処理を廃止することを目的としたsystem。最近では、lotの処理履歴をfeed-forwardして、同じlotの後工程を最適条件値に変更して、出来上がりのばらつきを抑えることも行われている。,,,
区分マスタ,複数のデータを登録することで複数の意味を持たせることができるマスタデータの一種。区分マスタとは、複数のデータを登録することで複数の意味をもたせることができるマスタデータの一種。例えば、商品データ中の購入区分の場合、「00が未購入、01が購入済、02が予約済」などと登録します。,,,
ITIL,「InformationTechnologyInfrastructureLibrary」の略。参考書みたいなもので、ITサービスをマネジメントする上で役立つ知識がまとめられている。あるいは、ITサービスマネジメントに関する資格試験のこと。,,,
排他制御,ダブルブッキングしないように制御すること。同時に使われるとおかしくなるものに組み込む。要は、「誰かが使っているときは他の人は使っちゃだめだよ」を実現する仕組みのこと。,,,
当該,その事柄に関すること。,一般用語,,
,該当⇒適当する。ピッタリ当てはまるというニュアンス。,一般用語,,
統合テスト/結合テスト/連結テスト,ソフトウェア開発におけるテストで、複数のプログラム部品（モジュール）を組み合わせて行うテスト。個々のモジュールの単体テスト後に行う。,,,
,GIFファイル⇒GIF形式で圧縮された画像ファイルでありファイルの種類を表す目印（拡張子）が「.gif」なファイル。文字とか絵を保存するのに向いている,,,
,UNIX(ユニックス)⇒コンピュータの人格に相当するソフト（OS）のひとつであり、昔流行ったOS,,,
,Linux（リナックス）⇒①フリーソフトである。②UNIXと互換性がある。③性能の低いコンピュータでも結構動く。コンピュータの人格に相当するソフト(OS)の一つであり、フリーソフトとして公開されているUNIXっぽいOS。もしくは、カーネル（OSの中核として頑張っているソフトウェア）の名前。※カーネルは中心人物だかほかのいろんなソフトも含めてOSとして働く。,,,
バイナリ,cpが扱う２進数のデータ※テキストデータ？,network,,
バイナリファイル,バイナリファイルとは、コンピュータが直接解釈・実行できるように、2進数（バイナリ）のデータ形式で記録されたファイルのことです。人間が直接読むことを目的としたテキストファイルとは異なり、テキストエディタで開いてもほとんどが文字化けした読めない状態で表示されます。,network,,
FTP,「ファイルを送受信するときに使う決まり事（通信プロトコル）。FTPは、そのWEBサイトを公開するときに使用され、作成したHTMLなどのファイルをサーバーにアップロードするとき、また更新するときに使用される。,,,
,◎属性（パーミッション）⇒フォルダやファイルのセキュリティのアクセス権のこと。※そのユーザに対してどういう権限を持たせるか。※オーナー⇒自分、グループ⇒自分と同じグループ、その他⇒自分、グループ以外※呼び出し⇒読み込み〇、編集×（テキストファイルの場合）,,,
FTP(バイナリモード),ファイルをそのまま転送する。※現在は改行コードを意識しなくても動作する作りになっていることがほとんどのため（プログラムもエディタも）、テキストファイルであってもバイナリファイルであっても基本的にバイナリモードでファイルを転送するべきです。また、FTPでファイルを転送するときはバイナリモードを使おう。,network,,
FTP(書き込み),※書き込み⇒書き込みまで◎（テキストファイルの場合）,,,
FTP(実行),※実行⇒exeファイルなどが実行できる。（exeファイルの場合）,,,
Outlook(機密区分),機密区分（InteernalUseOnly）⇒社外秘,,,
Outlook(機密区分),※EncryptwithDoNotForward⇒転送不可＆暗号,,,
Outlook(機密区分),※EncryptOnly⇒暗号,,,
Outlook(機密区分),※Unencrypted(NoProtection)⇒暗号無し＆保護なし,,,
Outlook(機密区分),機密区分(Confidential)⇒開示範囲(Disclosure):宛先のみ,,,
ノンプロ（ノンプログラミング）,プログラミングを用いずにアプリケーションを開発する手法のこと。,,,
NDA(Non-DisclosureAgreement」),「秘密保持契約」のこと。「お仕事で知ったことを他に漏らすんじゃねーぞ！」な契約のこと。,,,
,お盆⇒日本で夏季に行われる祖先の霊を祀る一連の行事。8/13～8/16.お盆の墓参りは、１３日に行くのが一般的と言われているが、必ずしもというわけではない。,,,
,回覧⇒順番に回してみること。,,,
,インプラ（インプラント工程）⇒半導体のインプラント工程は、イオン注入工程を通じてシリコンウェハに半導体の性質を持たせる工程。※イオン注入は加速した原子をウェーハに打ち込むことで、不純物を導入する手法。,,,
,リソ(litho)⇒半導体工程フローのフォトリソグラフィのこと。「ウェーハに光を照射することで回路パターンを描く工程」,,,
,ARGO⇒インフラ保守をやってもらっている請負会社？。,,,
,SPEC⇒非営利組織な団体。ベンチマークテストのやり方を決めている。もしくは、その団体が決めたベンチマークテストのやり方。「StandardPerformanceEvaluationCorporation」の略。,,,
,枕詞⇒相手の言葉を和らげる言葉。,,,
,ソケット通信⇒クライアントとサーバーがインターネット上でデータをやり取りする手段,,,
,SSL/TLSサーバー証明書⇒SSL/TLSの技術を用いて、「認証局(CA)」が発行する電子証明書のこと。,,,
,SSL/TLS⇒WebサーバとWebブラウザとの通信においてやりとりされるデータの暗号化を実現する技術。,,,
,付け焼刃⇒一時の間に合わせに身に着ける知識や技術,,,
WAS(WebSphereApplicationServer),JakartaEE対応のアプリケーションサーバであり、IBMソフトウェアのWebSpereブランドの中核をなす製品。,IBM,,
インジケーター,ITの分野では、コンピュータや通信機器などの筐体前面や側面などに備え付けられている、内部の装置の状態や状況を示す小さなLEDランプなどを指すことが多い。例えば、電源ランプやストレージのアクセスランプ、LANポートのランプなどが該当する。,network,,
TeraTerm(テラターム),TeraTerm（テラターム）は、Windowsプラットフォームで動作するリモートログオンクライアントで、SSH・telnet・シリアルの各通信プロトコルに対応している。TeraTermProjectが開発・公開しており、修正BSDライセンスによりオープンソースソフトウェアとして公開されている。TeraTermは、コンピュータのシリアルポートに接続された機器を操作したり、TelnetやSSHでネットワーク上の別のコンピュータを操作することができる。,network,,
LPAR,・LPAR（LogicalPartitioning）とは、主に大規模サーバ製品やメインフレームなどで利用される仮想化技術の一つ。また、その技術により物理的なコンピュータを分割して作り出された論理的な区画。,network,,
エンドポイントURL,ネットワーク端末のurl?,network,,
Port,cpにデータを送信する際の出入り口,network,,
バインディング,※バインド何らかの要素やデータ、ファイルなどが相互に関連付けられている状態,network,,
ヒープ,メモリ管理,network,,
EventAPI,SaaS内部で発生した(更新や処理)を外部へ発信する,network,,
IO,※OSのこと,network,,
ミラーリング,そのまま映し出す,network,,
クエリ,データベース管理システムにおいて、データ検索・更新・抽出・削除などを要求すること,network,,
DMZ,DMZとはDe-MilitarizedZone(非武装地帯)の略で、IT用語の解釈では『社内のサーバをインターネットからアクセスさせたいけど、社内の他のサーバとは分離したいときに使うNW構成』のことです。,network,,
ファイアウォール設定,FW設定(ファイアウォール設定)⇒研究室設置サーバーなどで、Webサービスなど展開する際は、この申請により、学外からのアクセスを許可するようファイアーウォールの設定を開ける必要があります。,network,,
ベンダ,「ベンダー」とは、英語の「vender」に由来する言葉で、「販売業者」「売主」を意味します。ビジネスにおいては、製品やサービスを消費者に販売する事業者を指し、特にIT業界でよく使われます。ベンダーが提供する製品やサービスを購入する消費者はユーザーと呼ばれます。,IT全般,,
TSM,"TSMには、TableauServerを構成して維持するためのサーバー管理者コマンドラインおよびWebベースのオプションがあります。これには、サーバーデータのバックアップ、バックアップの復元、ログアーカイブの作成、マルチノードクラスタの管理などの管理タスクを実行することが含まれます。たとえば、TSMを使用して次のタスクを実行できます。インストール後のTableauServerの初期構成設定の編集やサーバートポロジの変更を含む継続的な構成管理
バックアップ、復元、ログの圧縮などの管理タスクの実行",network,,
リクラメーション,TSMのテープ再利用機能：リクラメーションとは、TSMのテープ再利用機能です。TSMは保存期限の経過したバックアップ・データ(指定世代数や保管日数を超えたもの)の削除を、バックアップしたファイルの単位で行います。一度バックアップ・データの書き込まれたエリアは、テープ内の全てのバックアップ・データが削除されない限りそのまま再使用する事はできません。,network,,
branch(ブランチ),ロット流動に於いて、mainprocessflowと別に条件振り等のためにsystemに登録された分岐flowのこと,BEAM,,
ドライバー,「デバイスドライバ」の省略表現。デバイスを動かすために必要なソフトのことです。あるいは、システム開発におけるテスト用の部品だよ／用語の中身としてはコンピュータにガショーン！ってくっつけた部品・機（デバイス）を動かすために必要なソフトのことです。あるいはテスト用に用意した完成していない機能の代わりとなる部品で、テスト対象を呼び出す部品の代わりとなるやつのことです。,"開発,ソフト,JDBCドライバー",,
セッション(Session),セッション（Session）とは、コンピュータネットワークやコンピュータプログラムにおいて、ユーザーの開始から終了までの一連の対話や通信の交換を指します。,development,,
エラーハンドリング,コンピュータプログラムが実行時にエラーを起こした際に、すぐに実行を終了せずあらかじめ用意しておいた処理を行うこと／エラーハンドリングとは、コンピュータプログラムが実行時にエラーを起こした際に、すぐに実行を終了せずあらかじめ用意しておいた処理を行うこと。また、プログラミング言語や実行環境などが備えるそのような仕組みや機能、仕様などのこと。,development,,
SMDB,smbdは、Windowsクライアントにファイル共有と印刷サービスを提供するサーバーデーモンである。サーバーはSMB(またはCIFS)プロトコルを使用するクライアントにファイル・スペースと印刷サービスを提供する。サーバーはLanManagerプロトコルと互換性があり、LanManagerクライアントに対するサービスが可能である。,BEAM,SiViewのSmclientのデータベース？,
SMAX,SMAXは「ServiceManagementAutomationX」の略称で、ITSM（ITサービス管理）製品です。ITサービス管理に必要な機能を一通り備えており、インシデント管理、ナレッジ管理、サービスデスク管理などが含まれます。ITILに準拠しているだけでなく、場所や業者、サービスレベルの管理など、現場のITサービス提供に即した機能を標準機能として提供しています。SMAXはコンテナ型のITサービスマネジメントツールで、ノンコーディングで実装でき、オンプレミスでもクラウドでも設置場所を問いません1,IT全般,,
ディスパッチ,同種の複数の対象から一つを選び出したり、データの送信、資源の割り当て、機能の呼び出しなどを表すことが多い。,network,,
バッチ当て,Programの一部を修正する。もしくは後付けのprogram(パッチ)をsoftに付け加えること。,network,,
SSL,インターネット上でやり取りする情報を暗号化して送受信するための仕組み。SSL/TLSサーバ証明書は、Webサイトの身元を明示するためのものであり、インターネット上で行うデータのやり取りを暗号化するためのプロトコルです。サーバーからのTLS通信にはメッセージ認証コード（MAC）が含まれ、通信が実際のWebサイトから発信されたことを確認するデジタル署名となります。,network,,
共通プラットフォーム（共通PF）サーバ,政府や企業が情報システムの統合・集約化を図るために使用する基盤です。これにより、ITリソースの効率的な利用や、システムの標準化・共通化が進められます,network,,
Elapsed(エラプスド),あるイベントが起こっている間に経過する時間。「Elapsedtime」の単位は「ミリ秒」です。「ミリ秒」は1秒の1000分の1を表す単位なので、秒に換算するときは1000で割りましょう。,network,,
Www,インターネットのこと。「WorldWideWeb」の略。／※URLについているwwwは、「インターネットのホームページの閲覧機能を提供しているサーバを識別するために一般的に使われる名称」意味している。／※wwwはサブドメインと同じような意味になるので、URLにwwwがあることによって、ホームページの見え方やSEOに何か違いがあるか？というと、何も違いはありません。,network,,
SEO,GoogleやYahoo!のような検索エンジンさん（キーワードを入力すると条件に合うホームページを探してくれるホームページ）にゴマをする行為のこと。要は、検索エンジンさんが持っている「こんなページは良いページ（だから検索結果の最初の方に表示してあげよう）な基準を満たすために、あれやこれやと頑張ること。,network,,
.log【拡張子】,"ファイルの種類を表す目印（拡張子）のひとつ
であり何かの履歴をメモったファイル（ログファイル）に付くことが多い拡張子です。",network,,
アスキーモード,ファイル内お改行コードを自動変換して転送する。,network,,
PostgresSQL（ポストグレスエスキューエル）,Webシステムで使われることが多いデータベース。つまり、データベースのこと。,DB,,
method(メソッド),Javaのメソッドは、特定の動作や機能を実行するためのコードのまとまりであり、プログラムの中で重要な要素です。methodは複数の文や式をまとめてひとまとまりにし、それに名前をつけて呼び出すことで、処理が実行されます。Javaでは「関数」という独立した概念は存在せず、すべて「メソッド」として定義されます,development,,
ソースprogram,人間が文字の並びとして作るプログラム。,development,,
ソースfile,ソースプログラムを格納したファイル。※拡張子は「.java？」,development,,
ソース管理,ソース管理とは、ソフトウェア開発で作成されるソースコードや関連ドキュメントなどのデジタル資産の変更履歴を、体系的に追跡、記録、管理する一連の仕組みやプロセスのことです。<br>これは、複数の開発者が共同で作業を進める際、コードの統合や矛盾を防ぎ、問題発生時にいつでも過去の状態に戻れるようにするために不可欠なシステムです。,development,,
コンパイル,そのままでは実行できないソースプログラムを実行可能なバイトコードと呼ばれる形式に変換する作業がコンパイル。,development,,
クラスfile,コンパイルが完了すると、xxx.classという名前のクラスファイルが生成される。,development,,
Exception,例外のこと。想定内のエラーのこと。,"development,エラー",,
null,Nullとは、プログラミング言語やデータベースのデータ表現の一種で、何のデータも含まれない状態、あるいは長さ0の空文字列のこと12。Nullは言語仕様や文字コードによって定義されるヌル文字を指すこともある1。Nullはデータベースの世界では、登録されていない項目の初期値として使われるが、誤解や使用方法の間違いが起こりやすい「ややこしい値」でもある2。英語では「ナル」と発音するが、日本では「ヌル」と呼ばれる2。,development,,
トランク接続,「データに名札をくっつけて、その名札によって所属するネットワークを判断するVLANのやり方,BEAM,,
先祖帰り,デグレード（「あれ？前の方が良かったんじゃね？」な状態）の一種であり、作ったはずの機能が消えちゃったり、直したはずのバグが復活することです。言い方を変えるとプログラムの状態が手を入れる前の状態に戻っちゃうことです。,BEAM,,
inport(インポート),インポートとは、他のアプリケーションソフトからデータを取り込むことを言います。,network,,
git,version管理システム,git,,
github,世界中にソースコードを公開できるプラットフォーム,github,,
NTPサーバー,NTPサーバーとは、さまざまなネットワークでつながる機器の時刻情報を司るサーバーで、お互いの時刻を同期するためのプロトコルです。パソコンなどのコンピューターだけでなく、各種周辺機器、細かいところではさまざまなスイッチなどにも情報を取得し配信しています。NTPサーバーの主な役割として、さまざまなタイミングで時刻を取得しようとする機器に対し、正確な時刻を配信することが挙げられます。,network,,
縮退,「縮退」とは、物事が縮小したり、退化したりする現象を指す言葉で、物理学や技術分野でよく使われます。,IT全般,,
踏み台サーバ,他のサーバにアクセスする際の中継地点として使われるサーバのこと。つまり、まずはこのサーバに接続して、その接続したサーバの中からこっちのサーバにアクセスするような使い方をするサーバのこと。<br>※「まずは、このサーバ（サービスを提供するコンピュータ）に接続して、その接続したサーバの中からこっちのサーバにアクセスするよ」のような使い方をする「あのサーバにアクセスしたいときは、このサーバを中継しろや！」な中継地点サーバのこと,network,,
仮想サーバー,仮想サーバーとは、物理的な1台のサーバマシン上で、仮想化技術により稼働する仮想的なサーバのことを指します。仮想化には専用のソフトウェアを物理サーバにインストールし、通常はその上で複数の仮想サーバが稼働しています。複数に分けた仮想サーバごとに別のOSやソフトウェアをインストールして、別の環境として利用できる点が大きな特長です。1仮想サーバーは、1台のサーバー上で複数のオペレーションシステム（OS）を動かし、複数のサーバーとして運用する仕組みです。2仮想サーバは、ソフトウェアを使ってコンピュータ内に擬似的に再現したサーバのことです。3,network,,
Tivoli（TivoliSoftware、チボリ）,Tivoli（TivoliSoftware、チボリ）は、IBMのソフトウェアブランドのひとつであり、システム管理用のソフトウェア製品群を提供する。かつては「チボリシステムズ(TivoliSystems)」という企業および製品群であったが、1996年にIBMに買収された。（日本では2002年に日本IBMと日本チボリシステムズが合併した。,network,,
サーバーサイド,サーバサイド（英：server-side）とは、「サーバ側」をカッコ付けて言った表現。もう少し具体的に書くと、「サーバの中で動くプログラム」とか「サーバの中でやる処理」とかを意図していることが多い用語です。あるいは「サービス提供者側」を意図している表現です。,バックエンド,,
Null(ヌル),**Null（ヌル）**はプログラミング言語やデータベースのデータ表現で、何のデータも含まれない状態を表します。変数やフィールドが作られてから一度も値が記録されていない「データが存在しない」特殊な状態を指します。,開発,,
主題専門家（SME）,主題専門家(SME)は、特定の専門領域に関する専門的な知識を持っている人のことを指します。その知識は大概、何年にもわたりその分野の教育や実地経験を経て得られたものです。,その他,,
ハングアップ（プロセスハング？）,まったく応答しないプロセスはハングアップと呼ばれます。発生する可能性のあるハングアップには、次の2種類があります。アクティブハングアップ(CPUレベルが100%の場合)。たとえば、プロセスが無限ループに陥ると、要求を永久に待機したり、要求にサービスを永久に提供したりします。パッシブハングアップ(CPUレベルが0%の場合)。たとえば、プロセスがデッドロックする場合です。,network,,
着工,「着工」とは、工事を開始することを意味します。具体的には、計画や設計が終了し、確認を受けた後で、工事現場での作業が始まることを指します。着工する前には必ず「確認済証」を受け取る必要があります。着工に該当する工事は、杭打ち工事、山留め工事、根切り工事、地盤改良工事の4つです。,半導体,,
TSM(サーバー),TSMには、TableauServerを構成して維持するためのサーバー管理者コマンドラインおよびWebベースのオプションがあります。これには、サーバーデータのバックアップ、バックアップの復元、ログアーカイブの作成、マルチノードクラスタの管理などの管理タスクを実行することが含まれます。たとえば、TSMを使用して次のタスクを実行できます。,network,,
アクティブ光ケーブル（AOCケーブル）,アクティブ光ケーブル(AOC)は、マルチモード光ファイバーとアクティブ電子機器を統合することで信号伝送を強化する高度なケーブルアセンブリです。パッシブ光ケーブルとは異なり、これらのケーブルには両端にトランシーバーがあり、電気信号を光信号に、またはその逆に変換します。,電気・電子,,
EOS対応,「EOS対応」とは、IT業界で「製品・サービスの販売終了」を指す言葉です。製品がEOSを迎えると、修理依頼ができなくなり、保守対象から外れますが、部品の交換や問い合わせサポートは継続されます。また、別の意味として、「EOS」は「ElectronicOrderingSystem」の略で、企業間の商品発注をオンライン上で行う受発注方法を指します,IT全般,,
結合テスト,結合テストは、コンポーネントテストを実施した後に実行されるテストで、単体で動作するようになったコンポーネントを組み合わせることで実際に動作する状態に近いソフトウェアの挙動を確認します。具体的には、データの受け渡しが正常に行われるか、データを渡すタイミングは適切かどうかなどを検証します。,開発,,
RAD(eclipse),RationalApplicationDeveloperは、RationalSoftwareDeliveryPlatform製品ファミリーの一部です。Eclipse4.2を基に構築されているこの製品は、ソフトウェア開発ツールを構成および統合するための、拡張可能かつカスタマイズ可能なプラットフォームです。／RADとはIBMが提供するフレームワークでJavaEE開発に利用されます。Googleで検索してもドキュメントがあまり見当たらないので簡単にポイントを備忘としてメモしておきました。読み方は「ラッド」と呼ばれていますが、WACs同様にアプリケーション開発基盤として採用している現場は見かけます。,IBM,,
T-SQL,T-SQL(Transact-SQL)とは、MicrosoftとSybaseが共同開発した、スタンダードのSQL(StructuredQueryLanguag)を拡張した言語で、MicrosoftSQLServerで使われています。制御フローの言語や、ローカル変数、文字列・日付・数値処理等のファンクション、DELETEやUPATEステートメントの文法等が拡張されています。,DB,https://teams.microsoft.com/l/message/19:cbe59710-2166-48d3-8a7a-2a1b73748b99_e545921b-e472-47a9-8275-3c381a198448@unq.gbl.spaces/1739772079995?context=%7B%22contextType%22%3A%22chat%22%7D,
IE(アイイー),IE（読：アイイー）とは、「InternetExplorer」の省略表現。用語の中身としては、ホームページを見るときに使うソフト（Webブラウザ）のひとつでありマイクロソフトさんが作ったWebブラウザ,IT全般,,
VIOS(VirtualI/OServer),VIOSは、PowerVM®Editionのハードウェア機能の一部です。VIOSは、論理区画に配置されるソフトウェアです。このソフトウェアを使用することによって、サーバー内のクライアント論理区画間で物理I/Oリソースを共用することができます。VIOSは、システム内のクライアント論理区画に対して、仮想SmallComputerSerialInterface(SCSI)ターゲット、仮想ファイバー・チャネル、SharedEthernetAdapter、およびPowerVMActiveMemory™Sharing機能を提供します。VIOSは、システム内のAIX®、IBM®i、およびLinuxクライアント論理区画に対して、中断/再開機能およびリモート再始動機能も提供します。／https://www.ibm.com/docs/ja/power8?topic=server-virtual-io-overview／BEAMでは、『beamvios11f』を使用して、警告を出している。,IBM,,
AIX（AdvancedInteractiveExecutive）,AIX（AdvancedInteractiveExecutive）とは、米IBM社のオペレーティングシステム(OS)製品で、正規の認証を受けたUNIXの一つ。同社のPOWER/PowerPC系プロセッサを搭載した業務用コンピュータで動作し、高い信頼性や拡張性により、主に企業などの基幹系システムで用いられる。,IBM,,
時刻同期(windowsserver),WindowsServerで時刻同期を設定する方法は以下の通りです：「管理用テンプレート」-「システム」-「Windowsタイムサービス」-「タイムプロバイダー」をクリックし、「WindowsNTPクライアントを有効にする」をダブルクリックして開きます。左上の「有効」にチェックを入れて「適用」します。右メニューで「WindowsNTPクライアントを構成する」をダブルクリックして開き、「NtpServer」のフィールドに、時刻同期したいサーバーのホスト名またはIPアドレスを入力します。サーバー名の次の0x9は通常はデフォルトのままでOKです,network,,
SGS,SGS（SociétéGénéraledeSurveillance）は、1922年に日本に支店を開設して以来、試験、検査、認証、検証のリーディングカンパニーです。SGSは、製品の安全性や品質を確保するための検査を行い、国際的な基準に準拠した認証を提供しています。また、2024年には「世界でもっともサステナブルな企業」の中で6位に選ばれ、試験・検査・認証部門では1位に選出されました。,その他,,
ロードバランサー(LB),ロードバランサーは、複数のサーバーに負荷を分散させる装置で、外部からのアクセスを1つのロードバランサーで受け付け、各サーバの負荷状況に応じて、適切なサーバにアクセスを振り分ける役割を持っています。一つのサーバで、ウェブサイトを運営する場合、そのサーバの処理能力を超える量のアクセスが発生するとレスポンスの低下やサーバダウンが発生する恐れがあるため、ロードバランサーは重要です,network,,
ミリセック,ミリ秒（millisecond）とは、時間の単位の一つで、1秒の1000分の1(0.001秒)を表すもの。1000ミリ秒が1秒に相当する。コンピュータで時間を扱う際の最小単位としてよく用いられる。秒に1000分の1を表す単位の接頭辞「ミリ」（milli-）を合わ単位で、略号としては“millisecond”を略した“ms”を用いる。／「ミリセック」とは、時間の単位である「ミリ秒（びょう）」を意味する俗称です。正式には ミリ秒(millisecond) と呼ばれ、1秒の1000分の1を表します。,network,,
スレッド,オペレーティング-システムがひとつのアプリケーション-ソフトウエアの処理（プロセス）を複数に分割して処理できる場合の，最小の処理単位。<br>※「スレッドを立てる」とは、主にインターネット上の掲示板やフォーラム、SNSなどで、新しい話題や特定のテーマについて議論を開始する行為を指します。,開発,,
ジェイソンファイル,JSONとは、JavaScriptObjectNotationの略で、XMLなどと同様のテキストベースのデータフォーマットです。JavaScriptにおけるオブジェクト表記法のサブセットであるが、JavaScriptでの利用に限られたものではありません。JSON形式のファイルの拡張子は、.jsonです。,開発,,
ループ処理,ループ処理には、以下の3つの種類がある:〇〇回繰り返す××という条件を満たすまで繰り返す。要素ひとつずつ順番に処理を繰り返すループ処理をする場合、while文を使うことが多い。ループ処理には、特定の条件を満たすまでループ処理を行うものや、指定した回数のループ処理を行うものがある。ループ内の計算処理は同じで、ループする度一部の変数のみを変えて計算するというループ処理もある。ループ処理を選ぶ際には、ループによってどのような処理をしたいのかということによって、適切なループを選ぶべきである。,開発,,
ボトルネック,業務の全工程において、業務の停滞や生産性の低下といった悪影響を与えている工程・箇所,IT全般,,
コンバート,何かを何かに変換すること。／「データコンバート（Data Convert）」とは、ある形式のデータやファイル構造を、別の形式や異なるシステムが利用できる構造に変換することです。日本語では「データ変換」とも呼ばれ、ITシステムにおいて非常に基本的な、かつ重要な処理の一つです。／1. 形式の変換（Format Conversion）：ファイルの種類やデータのエンコーディングを変更する最も一般的なパターンです。／2. 構造の変換（Structural Conversion）：データの格納方法や項目の定義を、新しいシステムの仕様に合わせて変更することです。／3. システム移行：データコンバートが最も大規模に行われるのは、古いシステム（レガシーシステム）から新しいシステムへ切り替えるときです。,開発,,
レプリケーション,レプリケーションとは、あるコンピュータやソフトウェアの管理するデータ集合の複製(レプリカ)を別のコンピュータ上に作成し、通信ネットワークを介してリアルタイムに更新を反映させて常に内容を同期すること。<br><br>レプリケーションとは、ソフトウェアやハードウェアの冗長なリソース間で一貫性を保ちながら情報を複製し多重化する処理を意味し、信頼性やフォールトトレラント性やアクセス容易性を強化する。同じデータを複数の記憶装置に格納することを「データレプリケーション」、同じ計算タスクを何度も実行することを「計算レプリケーション」という。計算タスクの場合、異なる機器上で実行すれば「空間的レプリケーション」となり、同じ機器上で繰り返し実行すれば「時間的レプリケーション」となる。Replicationは本来は「複製」の意。,"network,DB",,
NTPサーバー,NTPサーバ【Timeサーバ/タイムサーバ】とは、インターネットなどのTCP/IPネットワーク上で現在時刻の情報を配信するサーバ。NTP(NetworkTimeProtocol)でサーバ間で時刻を同期したり、クライアントに正確な現在時刻を知らりする。,network,,
TCP/IP,TCP/IP（読：ティーシーピー/アイピー）とは、通信するときに使うお約束事（通信プロトコル）のひとつであり、インターネットっぽい通信をするときに使うお約束事です。もう少し具体的に書くと、安全性重視で通信するときに使うお約束事「TCP」とインターネット用のお約束事「IP」を一緒くたにした表現です。,network,,
抱き合わせ,抱き合わせとは、複数の商品やサービスを一緒に提供することです,その他,,
セッション（のデータ）,セッションデータとは、サーバーからクライアントにセッションIDを付与し、セッションIDに紐づくセッションファイルを作成することで、通信相手と通信内容を記録する仕組みです。セッションは、2台以上の通信機器間の、またはコンピュータとユーザ間の半永久的な双方向情報交換を指します。,Java(J2SE),,
メソッド,メソッド（英：method）とは、関数（処理のまとまり）のこと（嘘）。本当はオブジェクト指向における「操作」を定義したもののことです。,Java(J2SE),,
ユーザーデモ,「デモ」とは、製品やサービスの機能や特徴を実際に見せることで、顧客にその価値を理解してもらうためのプレゼンテーションのことを指します。,その他,,
Junit（ジェイユニット）,JUnitは、Java言語で開発されたプログラムに対して単体テストを行うためのアプリケーションフレームワークです。読み方は「ジェイユニット」です。,Java(J2SE),,
モック,モックとは、システム開発において、ユーザーインターフェースやシステムの設計を視覚化したプロトタイプの一種。,開発,,
プロトタイプ,プロトタイプとは、製品やサービスの初期段階のモデルを指します。これは、実際の製品を開発する前に、アイデアやデザインを具体的に形にするためのものです。プロトタイプは、視覚的な表現や機能の一部を持つことが特徴で、開発チームや関係者がアイデアを理解しやすくします。これによって、初期段階でのフィードバックを得ることができ、最終的な製品の品質向上に寄与します。,その他,,
CSV,"CSVとは、テキストデータをいくつかのフィールド（項目）に分け、カンマ「,」で区切ったデータ形式のことである。拡張子は.csv、MIMEタイプはtext/csvである。CSVは、大量のデータを整理するのに役立つツールであり、データの項目がカンマで分けられているため、データの分析や処理を効率化するために使われる。",その他,,
DB2,Db2とは、IBM社が提供するリレーショナル型データベース管理システム（RDBMS）です。SQLを初めて採用したデータベース管理システムとして知られ、AIXやUnix、Linux、Windowsなどのプラットフォームで利用可能です。Db2は大規模なシステム構築において重要な基盤となっており、複数のデータベースを作成できる柔軟性を持っています。,DB,,
SSDB,SSDBは、株式会社システムエグゼが提供するデータベース監査ツールです。データベースの操作ログを取得し、分析・レポートを行うことで、特権ユーザーの操作を含む高精度な監査を実現します。,DB,,
SMDB,SMDBは、いくつかの異なる意味を持つ略語です。例えば、SubMainDistributionBoard（配電盤）やSmallandMedium-sizedDatabase（小規模および中規模データベース）などがあります34。具体的な意味は文脈によって異なる場合があります。,DB,,
RRMMDB,RMMDBは、リレーショナルデータベース管理システム（RDBMS）の一種です。リレーショナルデータベースを管理するためのソフトウェアで、データの作成、読み込み、書き込み、トランザクション処理などを行います,DB,,
MMDB,インメモリデータベースとは、データを全てメインメモリ上に格納する方式で構築されたデータベースのことである。インメモリデータベースに対して、HDDなどのディスクストレージにデータを格納する（従来型の）データベースは「オンディスクデータベース」などと呼ばれる。,DB,Siviewシステム用のMMDB?,
MDBファイル,MDBファイルは、Accessで作成されたデータベースを保存するためのファイル形式です。,DB,,
リレーショナルデータベース（RDB）,リレーショナルデータベース（RDB）（英：relationaldatabase）とはOracleとかMySQLなんかの、みなさんが普段使っているデータベースのこと。物としては、データを表形式で扱っていて、表同士をくっつけたりなんだりできるデータベースです。,DB,,
ベンチマーク,「ベンチマーク」とは、特定の基準や指標を設定し、それに対して自社の業績やプロセスを評価する手法を指します。具体的には、他社や業界の標準と比較することで、自社の強みや弱みを明確にすることが目的です。この手法は、ビジネスの改善や成長戦略を考える上で非常に重要な役割を果たします。1-2.ベンチマークの目的とはベンチマークの主な目的は、自社のパフォーマンスを向上させることです。,その他,,
プロコン（ProsCons）,プロコン（ProsCons）とは、賛成と反対の意見を出し合い、物事のメリットとデメリットを比較検討する思考法です。,その他,,
OP権限,OP権限とは、サーバー内でプレイヤーがどのような行動を取れるかを制御する管理者権限の設定です。サーバーに参加するプレイヤーに対して、OP権限を適切に設定することで、荒らし行為の防止やサーバーの秩序を保ち、安全で楽しいマルチプレイ体験を得られます。サーバー管理の効率化とトラブルの回避のために、適切な権限の設定は非常に重要です。,network,,
smclient,smbclientはSMB/CIFSサーバーと「会話」をすることができるクライアントである。ftpプログラム(ftp(1)を参照)とよく似たインターフェースを提供し、サーバーからローカルマシンへファイルをダウンロードしたり、ローカルマシンからサーバーへとファイルをアップロードしたり、サーバーからディレクトリ情報を取得するなどの動作を行う。,network,,
筐体,筐体とは、コンピューターの内部コンポーネントを収容するための外装フレームです。,その他,,
既存(潜在)バグ,既存バグ（読：キゾンバグ）とは、すでに動いているプログラムを改造するお仕事とかで登場しがちな表現のひとつであり「あっ、その不具合は最初からありましたよ。僕がプログラムを変更する前からありました。だから僕は悪くないっす」な不具合のこと,その他,,
試作/生産,"デバイスタイプ情報詳細の、""生産/試作区分""にて選べる項目。",BEAM,,
EQC演算フロー,品質基準表、フロー表示にて、EQC演算作業が設定されているフローのこと。,BEAM,,
NPW,一般に、装置の処理性能維持のために定期的に装置に投入されるwaferや、装置の仕様上複数waferを同時に処理しなければならない場合に製品waferの不足を充足するために製品waferと共に投入されるwaferを指す。,BEAM,,
ロジカルレシピ,SMClient上に登録されてあるレシピ？,BEAM,,
スコープ,スコープ（英：scope）とは「範囲」をカッコ付けて言った表現。あるいはプログラミングの世界で出てくる用語で「おまえの名前が通じるのは、ここまでだ！」な影響範囲のことです。／例：少しスコープはずれてて、～なんですけど、,IT全般,,
javacore,IBMJavaは、スレッドダンプがHotSpotとは違う、独自の形式（javacore）になっている,IBM,,
DNSサーバー,DNSサーバ（読：ディーエヌエスサーバ英：DNSserver）とは、ネットワーク上の住所表記に関して、人間様とコンピュータさんの仲立ちをしてくれるコンピュータのこと。もう少し具体的に書くと、サービスを提供するのが仕事のコンピュータ（サーバ）の分類のひとつでありIPアドレス（インターネットをするときにコンピュータに割り当てられる住所）とドメイン名（IPアドレスに付けた人間様向けの名前）の紐付けを管理したり、IPアドレスとドメイン名の変換をやってくれるコンピュータのことです。,network,,
DHCP,DHCP（読：ディーエィチシーピー）とは、コンピュータにIPアドレスを自動割り当てする仕組みのこと。もう少し、ふんわりと書くとインターネットをやるときに必要な設定の一部を、それ用のコンピュータが自動的にやってくれる仕組みです。,network,,
プライマリ/セカンダリ,プライマリ：メインとして使われている1番目のやつ／セカンダリ：予備として用意されている2番目のやつ,network,,
LithoⅡ(インプラ),フロー工程のこと。,BEAM,,
S撮Dummy/Short/Logic,Master以外も全て製品フローです。S撮DummyはS撮より前の作業をダミーの作業名・レシピで登録するCustomフローです。（例：AADN650_01）／Shortは私も用途等はわかりません。（例：AADM957_01）Logicは支持基板です。（例：AADN766_01）,BEAM,,
プロセスタイプ,Master/Logic/Short/,BEAM,,
親子化※装置Gp、装置id,親子化になるパターン(装置Gpでは子装置しか入れれないルールがあります。例：ある装置Gpに入っている装置Aが親になった場合装置Aを全装置Gpから抜く依頼と代わりに子装置を追加する依頼が発生）になります。よろしくお願いします。,BEAM,,
facesファイル,FACES拡張子を使用するファイルの完全な形式名はJavaServerFacesFacesServletPageFormatです。FACESファイル形式は、システムプラットフォームにインストールできるソフトウェアと互換性があります。拡張子がFACESのファイルは、開発用ファイルファイルに分類されます。開発用ファイルサブセットは、1205さまざまなファイル形式で構成されます。JavaServerFacesは、FACESファイルを処理するために最もよく使用されるプログラムです,Java(J2SE),,
websphere(ウェブスフィア),「WebSphere」は、IBMから提供されているソフトウェア製品のブランド名であり、eビジネスの構築・運用・統合を行うミドルウェア・ソフトウェア群の総称です。あるいは、WebSphereの中でも特に有名な製品であり、システム構築・運用をサポートするWebアプリケーションサーバ「WebSphereApplicationServer（WAS）」を指す言葉でもあります。WASのベースとなる言語にはJava（J2EE）が用いられています。,IBM,,
initialchecktool(イニシャルチェックツール),基礎チームで使用しているツールだが、そのツールもこれからは全TECBEAMの機能として反映させる方針。,BEAM,,
ODBC,ODBC（読：オーディービーシー）とは、マイクロソフトさんが作った、データベースとやり取りするための通訳。もう少し具体的に書くとマイクロソフトさんが生み出した仕組みで、データベースとプログラムの間に入って仲立ちをしてくれる部品（に関する取り決め）です。,DB,,
ナレッジ化,ナレッジ化とは、個人が持つ知識や情報を共有して活用できる状態にすることを意味します。,IT全般,,
有識者,学問・識見が広く高い人。,IT全般,,
粒度,粒度とは、情報やデータの細かさや詳細さを表す言葉で、ビジネスでは資料やスケジュールの分析・処理の際に重要です。／「粒度」は、システム開発、データ設計、プロジェクト管理など、さまざまな文脈で使われます。／1. システム開発・要件定義：ここでは、要件やタスクの分解レベルを示します。①粒度が粗い（Low Granularity）:②粒度が細かい／2. データベース設計・データ管理：ここでは、データの管理単位や変更の対象範囲を示します。／3. プロジェクト管理・タスク管理:ここでは、作業の最小単位を示します。／4.サービス指向アーキテクチャ (SOA):①粒度が粗いサービス: 複数の機能を包括的に提供する大規模なサービス（例: 顧客情報の取得と更新をすべて行うサービス）。再利用性が低い。②粒度が細かいサービス: 特定の機能のみに特化した小さなサービス（例: ユーザーの住所のみを検証するサービス）。組み合わせやすく、再利用性が高い,IT全般,,
ping/ピンコマンド,ping/ピンコマンドとは何ですか?Windowsパソコン上では、コマンドプロンプトでpingを実行することでネットワークに接続できているかどうかの確認/テストをおこなうことができます。リアルタイム通信の確認にも活用できるため、利用したことがあるという人もいる汎用性の高いコマンドです。ping/ピンコマンドとは何？使い方の前にpingコマンドの意味とはどういうものかなどから説明していきます。pingコマンドとは「ピン」コマンドと読み、潜水艦の探針音が名前の由来とされているものです。コマンド自体の意味としてはネットワークの疎通確認に利用されるもので、送信/受信の確認をしてネットワーク接続できているかをテストします。pingコマンドでネットワーク接続しているか…,"network,コマンドプロンプト",,
ping,pingは、相手と接続できるかどうかを確認するためのコマンドです。ピングまたはピンと呼びます。パケットを送り返す機能で、これが動作するということは、IPアドレスが正しく設定されていることになります。実は、結構奥が深いコマンドで使いこなすと色々なことがわかるようになります。pingは、近くから遠くへ試していくのが定石です。この方法でどこまでは接続できて、問題がどこにあるか、トラブルの範囲を絞り込むことができます。パソコンのソフト的なネットワーク設定を確認する方法として、ループバックアドレスにpingを実行するというものがあります。ループバックアドレスは、以下の通りです。現在のWindowsOSでは、必ずTCP/IPが有効になっています。,"network,コマンドプロンプト",,
followup,followupは何かを確かめたりチェックしたりすることで、フォローアップという意味があります。,その他,,
装置Gp選択,"ヒットする装置Gp名が多いものは、""L""or""W""始まりのもの。",BEAM,,
ウォッチドッグ,「ウォッチドッグタイマー」の省略表現。用語の中身としてはシステムや機器がちゃんと動いているか監視するためのタイマーであり、「ちゃんと動いているよ～」な定時連絡がないと「あっ、動いていないな！」と判断して再起動とかしてくれる機器です。もう少し大雑把に「ちゃんと動いているか監視するよ！」なお仕事をしているシステムや機器を指している場合もあります。,BEAM,,
フェイルセーフ,フェイルセーフ（フェールセーフ、フェイルセイフ、英語:failsafe）とは、なんらかの装置・システムにおいて、構成部品の破損や誤操作・誤動作による障害が発生した場合、常に安全側に動作するようにすること[1]、またはそう仕向けるような設計手法[2]で信頼性設計のひとつ[3]。これは装置やシステムが『必ず故障する』ということを前提にしたものである,IT全般,,
ロードポート,半導体製造装置においてカセットを投入、払出しをするために外部機器（AGV、OHT、PGVなど）とカセットの受渡しを行う装置部分,半導体,,
リワーク(rework),「rework」は英語の単語で、既存の作品や製品を改良したり、修正したりする行為を指す。,開発,,
タイプ種別,"ダミー/装置モニタ/プロセスモニター/製品/再生/生材※フロー／※デバイスタイプ情報詳細のリスト項目の
タイプ種別",BEAM,,
Reworkフロー,再生フロー？のこと,BEAM,,
クリティカルパス,クリティカルパスとは、プロジェクトの全工程を最短時間で完了させるために重要な作業経路のことです。,IT全般,,
オンサイト,オンサイトとは、現場で人材を派遣してサポートすることを指すIT分野の用語です。,IT全般,,
アンスコ,アンスコとは「アンダースコア」の省略表現です。用語の中身としてはいわゆる「記号」と呼ばれている文字のひとつ+C302であり「＿」のこと,IT全般,,
非同期処理,非同期処理とは、一つのタスクを実行中であっても他のタスクを実行できる実行方式をいいます。非同期処理をうまく実装することで、ユーザーはアプリケーションの処理待ちを気にすることなくアクセスすることができるため、ユーザビリティを考えるうえで重要な要素になります。,開発,,
組み込み,組み込み系は、家電や電子機器など、独立した機械の中に組み込まれたシステム（組み込みシステム）のことを指す言葉です。,開発,,
バリエーション,異なる種類やタイプ、変種という意味で、多様性を表す言葉です。,その他,,
レクメーション処理,レクラメーション処理は、期限の切れていないデータが複数のボリュームから移動されてもっと少数のボリュームに統合されることで、ストレージ・プール内のボリュームを再利用する処理です。TSMのテープ再利用機能であるリクラメーションは、保存期限の経過したバックアップ・データの削除を、バックアップしたファイルの単位で行います。レクラメーションにより、OSで削除した領域を解放することで、その領域を外でも再利用可能にします。IBM+2,IBM,,
ITMエージェント,ITMエージェントとは、IBMTivoliMonitoring(ITM)**の一部で、システム、サブシステム、またはアプリケーションのパフォーマンスと可用性を監視するためのデータコレクターです。エージェントは、監視対象のデータを収集し、TivoliEnterprisePortalを通じてモニターサーバーに送信します。具体的には、ITMエージェントは以下のような機能を提供します:データ収集:システムやアプリケーションのパフォーマンスデータを収集します。,IBM,,
カバレッジ,カバレッジ（英：coverage）とは「あ～、こいつはね。全体に対して、これくらいをカバーしているよ（したよ）」的なことをカッコ付けて言った表現です。システムテストの話で出てきた場合は「テストを全部やると、これだけ確認できるはずだよ。それに対して今はこれだけの確認が終わってるよ」な割合（テストカバレッジ）のことを意味します。,開発工程用語,,
プレリリース,正式な公開よりも先に行われる事前公開,開発工程用語,,
システムテスト,システムテスト（ST）（英：systemtesting）とは「総合試験」のこと。用語の中身としてはシステム開発における工程のひとつであり、「このシステムは、ばっちり、きっちり、完成したかな？ちゃんと動いてお客さまの役に立てるかな？」を全体的に確認するテストのことです。作ったシステムの卒業試験,開発工程用語,,
SME,SMEとはSmallandMedium-sizedEnterprisesの略称で、SMBとほぼ同じ範囲の企業を指します。SMEは、従業員数が250人以下、年間売上高が40億円以下の企業を指します。SMBとSMEの違いは、従業員数と年間売上高の基準が異なることです。,その他,,
ジョイン、アテンド,アテンドとジョインには、どちらも出席するという意味がありますが、前者は他の人に付き添って参加することを表し、後者は話し合いやイベントなどに参加することや、輪に入ることを表すため、意味が異なります。／一方のアサインには、会議などに出席するといった意味はなく、仕事などを割り当てることを意味するため、アテンドやジョインといった言葉とは大きく異なります,その他,,
管理コンソール,システムやネットワークの設定や監視を行うためのツールです。例えば、Microsoftの管理コンソール（MMC）は、Windowsの管理ツールを統合して使用できるインターフェースを提供します,network,,
インスタンス,**DBのインスタンス名**は、データベース管理システム（DBMS）内で特定のデータベースインスタンスを識別するための名前です。例えば、Oracleでは「SID（SystemIdentifier）」と呼ばれます[7](https://sql-oracle.com/?p=24)。,DB,,
物理ネットワーク,"
実際の機器やケーブルの配置を示す構成図です。どのデバイスがどこに設置され、どのように接続されているかを視覚的に表します",network,,
論理ネットワーク構成,ネットワーク上のデータの流れや機器間の関係を示す構成図です。IPアドレスの割り当てやサブネットの構成などが含まれます,network,,
スタック構成,複数のスイッチを論理的に1台のスイッチとして動作させる技術です。これにより、ネットワークの冗長性や可用性が向上し、管理が簡単になります,network,,
**L3スイッチ**（レイヤ3スイッチ）,ネットワーク層（OSI参照モデルの第3層）で動作するスイッチです。IPアドレスを基にデータの送信先を決定し、異なるネットワーク間の通信を可能にします,network,,
文字列長,文字列長」とは、String型の保持する「文字列の長さ」すなわち「文字数」を表す単位です。length関数を使うことで、文字列の長さを取得することができます。Excelには、文字列の長さを表す単位として、文字数とバイト数の2種類があります。文字数が単位の場合、文字が全角であるか半角であるかに関わらず、文字の個数を文字数とします。,開発,,
アペンド,加える、付け足す、追加する、添える、などの意味を持つ英単語。ITの分野ではファイルなどにデータを追加する操作などをこのように呼ぶことが多い。ファイルやデータベース、データ構造の操作で、既存のデータ集合の末尾に新たに別のデータを付け加える処理をアペンドということがある。,DB,,
SME,SMEとは、一般的に「SubjectMatterExpert（サブジェクト・マター・エキスパート）」の略です。これは「特定分野の専門家」や「その分野に詳しい人」を指します。／主な意味：①SubjectMatterExpert：ある業務や技術、分野について深い知識や経験を持つ専門家のこと。②プロジェクトやシステム開発、業務改善などで、その分野の知見を活かして助言や判断を行います。／例：①ITプロジェクトで業務知識が必要な場合、その業務のSMEが要件定義や仕様策定に参加することがあります。／※業界や文脈によっては、他の意味（例：中小企業＝SmallandMedium-sizedEnterprises）で使われることもありますが、ITや業務改善の現場では「SubjectMatterExpert」の意味が一般的です。,IT全般,,
SSH接続,SSH接続とは、「SecureShell（セキュアシェル）」の略で、ネットワーク経由で他のコンピュータに安全に接続し、遠隔操作するための仕組みです。,network,,
サービスイン,サービスインとは、システムやサービスを正式に稼働・提供開始することを指します。①詳しい説明:開発やテストが完了した後、実際の利用者向けにサービスを公開・運用開始するタイミングを「サービスイン」と呼びます。／「本番稼働」「サービス開始」「リリース」とも言われます。②例:新しいWebシステムがサービスインする＝ユーザーがそのシステムを使えるようになる日-アプリのサービスイン＝アプリがストアで公開され、ダウンロードできるようになる日③まとめ：サービスイン＝サービスやシステムの本番運用・提供開始のことです。,,,
PrimeFaces(プライムフェイシズ),PrimeFacesとは、**JavaのWebアプリケーション開発で使われるUIコンポーネントライブラリ**です###詳しい説明■Javaのフレームワーク「JSF（JavaServerFaces）」上で動作します。-ボタンやテーブル、グラフ、ダイアログなど、豊富なUI部品（コンポーネント）が用意されています。-これらのコンポーネントを使うことで、**見た目が良く、操作性の高いWeb画面を簡単に作成**できます。-Ajax対応やテーマ切り替え、レスポンシブデザインなどの機能も充実しています。■まとめ：PrimeFacesは、**JavaのWeb開発で使える便利なUI部品セット**です。JSFと組み合わせて、効率よく高機能なWebアプリを作ることができます。,Java(J2SE),,
再帰的,再帰的（さいきてき）とは、**自分自身を呼び出す（参照する）仕組みや考え方**のことです。／プログラミングでの再帰的：①関数や処理が、自分自身を繰り返し呼び出すことを「再帰」といいます。②主に、同じパターンの繰り返しや分割処理に使われます。,プログラミング,,
九州DC,九州DC（KyushuDistributionCenter）は、アズワン株式会社が福岡県古賀市に開設した最新の物流センターです。2025年6月16日から本格稼働を開始しました[1](https://companydata.tsujigawa.com/press-20250604-002/)[2](https://prtimes.jp/main/html/rd/p/000000017.000085591.html)。このセンターは、最新のマテリアルハンドリングシステム「PopPick」を導入しており、作業効率が従来比で約37％向上しています[1](https://companydata.tsujigawa.com/press-20250604-002/)[2](https://prtimes.jp/main/html/rd/p/000000017.000085591.html)。AGV（自動搬送ロボット）を使用して商品を高層棚から自動搬送し、定点でのピッキング作業を実現する「GoodtoPerson（定点作業）」方式を採用しています[1](https://companydata.tsujigawa.com/press-20250604-002/)[2](https://prtimes.jp/main/html/rd/p/000000017.000085591.html)。九州DCの開設により、九州エリアの物流体制が強化され、安定した商品供給と顧客満足度の向上が期待されています[1](https://companydata.tsujigawa.com/press-20250604-002/)[2](https://prtimes.jp/main/html/rd/p/000000017.000085591.html)。,インフラ,,
キャスト（型変換）,キャスト（cast）とはプログラミングで出てくる用語のひとつであり、変数の型を別の型へ変換することです。,Java(J2SE),,
ディスティンクト,ディスティンクト（DISTINCT）とは、SQLのSELECT文で使用されるコマンドで、重複するデータを取り除き、ユニークなデータだけを返すための構文です。具体的には、同じ値を持つ複数のレコードがある場合に、これを1つにまとめる機能を持っています。,DB,,
NFSマウント,NFSマウントとは、ネットワークを介して別のコンピュータの外部記憶装置上のファイルシステムをマウントすることで、そこに保存されているディレクトリやファイルをあたかも手元にあるかのように扱うことができる技術です。NFSはネットワーク上でファイルを共有するためのプロトコルであり、異なるマシン間でディレクトリやファイルを共有し、まるでローカルディスクのようにアクセスできます,network,,
BIOS（バイオス）,BIOS（バイオス）とは、OSが動き出す前のお仕事をやってくれるプログラム。もう少し具体的に書くと、パソコンさんの電源が入って最初に動く、主にハードウェアを制御するプログラムです。,network,,
ノード,「Networkのノード」とは、**ネットワーク上で通信やデータのやり取りを行う機器や装置のこと**を指します。,network,,
バイト（Byte）,"バイト（Byte）とは、0か1が入る箱（ビット）が8つ入る大きさの箱のこと。あるいは、ビットが8つ入る大きさの箱の数を表す単位です。もう少しサクっと書くと、（基本的には）「1バイト＝8ビット」な単位です。
",開発,,
データ長,データ長（読：データチョウ英：datalength）とは、データの大きさです。,開発,,
ペンディング,「ペンディング」とは、ビジネス用語では「保留」「先送り」することを意味しています。その他にも未解決、未決定などの意味もあります。,IT全般,,
OSS(オープンソフトウェア),OSS（オープンソースソフトウェア）とは、ユーザーにソースコードを無償で公開し、再使用や改変、再配布を可能としたソフトウェアのことです。企業でも個人でもシステム開発の際にさまざまなメリットがあることから近年注目を集めています。,開発,,
AIX（AdvancedInteractiveExecutive）,AIX（AdvancedInteractiveExecutive）とは、米IBM社のオペレーティングシステム(OS)製品で、正規の認証を受けたUNIXの一つ。同社のPOWER/PowerPC系プロセッサを搭載した業務用コンピュータで動作し、高い信頼性や拡張性により、主に企業などの基幹系システムで用いられる。,IBM,,
スキーマ,スキーマ（英：schema）とは、何かの「構造」を指す用語だけど、分かりやすく説明できないや。ごめんね。です。,DB,,
NULLポインタ,NULLポインタは、ポインタが有効なメモリアドレスを指していないことを示す特別な値です。,Java(J2SE),,
FMEA,故障モード影響解析／・FMEA（故障モード影響解析）とは、製品や製造プロセスにおける潜在的な故障モードを特定し、それが引き起こす影響を評価するリスク管理手法です。FMEAは、製品の設計段階でリスクを予測し、事前に問題点を洗い出して対策を講じることで、未然に被害を防ぐことを目的としています。1950年代にアメリカの海軍で導入され、その後、航空産業や自動車産業などさまざまな分野に広がりました。,開発,,
トレース,トレースとは、ITにおいてプログラムの実行経路や変数の状態を把握し、コードがどのように動いているかを「追跡」することを指します。,開発,,
コールスタック,関数呼び出し履歴,開発,,
API (Application Programming Interface),■APIとは<br>ソフトウェアの機能やデータを、他の外部のソフトウェアから利用するための窓口や規約のことです。<br>■意味合い:<br> 「アプリケーション（機能やデータを提供する側）」と「プログラミング（それを利用したい側）」を「インターフェース（繋ぐ接点）」でつなぐものです。<br>■例え: <br>レストランのウェイターに似ています。ウェイター（API）は、客（利用するソフトウェア）から注文（リクエスト）を受け取り、キッチン（提供元のソフトウェア）に伝え、結果（データや処理結果）を客に戻します。客はキッチン内部の仕組みを知る必要はありません。<br>■主な用途:<br>①Web API（天気予報データ、地図情報、SNS投稿機能など）<br>②OS API（PCのカメラやファイルシステムを操作する機能）,"開発,窓口・規約",,
スニペット,■スニペットとは<br>再利用可能な小さなコードの断片（かけら） のことです。<br>■意味合い: <br>プログラムの中で頻繁に利用される、定型的な処理や構文をまとめた短いコードブロックを指します。<br>■効率化:<br>これを登録しておくことで、開発者は毎回同じコードを手入力する手間を省き、タイプ量を減らし、入力ミスを防ぐことができます。<br>■主な用途:<br>①繰り返し処理の基本構文（for ループ、while ループ）<br>②条件分岐の基本構文（if/else）<br>③HTMLの定型的なタグ構成 (<div>、<table> など)<br>④関数やクラスを定義する際の初期テンプレート<br>多くの高機能なテキストエディタやIDE（IntelliJ IDEAなど）には、スニペットを登録・呼び出しするための機能が搭載されています。,"開発,コード断片",,
コマンドライン,コマンドラインとは、**文字（コマンド）を入力してパソコンやシステムを操作する方法**です。／詳しい説明：①画面に表示される「黒いウィンドウ」（コマンドプロンプトやターミナルなど）に、キーボードで命令文（コマンド）を入力して実行します。②ファイルの操作、プログラムの実行、システム設定などを、マウスを使わずに効率よく行うことができます。／例：①Windowsの場合：`cmd`や`PowerShell`②MacやLinuxの場合：`ターミナル`／コマンド例：dir//フォルダやファイル一覧を表示（Windows）／ls//フォルダやファイル一覧を表示（Mac/Linux）／cd//フォルダの移動／まとめ：コマンドラインは、文字入力でパソコンを操作するためのインターフェースです。,開発,,
フレームワーク,フレームワークとは、**アプリケーション開発を効率化するための「土台」や「枠組み」**のことです。／詳しい説明：①よく使う機能や構造があらかじめ用意されており、開発者はその枠組みに沿って自分の処理や機能を追加していきます。②例：Webアプリ開発なら「Spring（Java）」「React（JavaScript）」「Vue.js」などが有名です。③フレームワークを使うことで、開発の手間やミスを減らし、保守性や再利用性を高めることができます／まとめ：フレームワーク＝開発のための便利な「ひな型」や「道具箱」。自分で一から全部作るのではなく、用意された仕組みを活用して効率よく開発するためのものです。,開発,,
Docker(ドッカー),Dockerとは、**アプリケーションやその実行環境を「コンテナ」と呼ばれる単位でまとめて管理・実行できる仮想化技術です。／詳しい説明：①コンテナは、アプリ本体・ライブラリ・設定などをひとまとめにして、どこでも同じ動作環境を再現できます。②開発環境・テスト環境・本番環境で「動作が違う」問題を減らせます。③軽量で起動が速く、複数のアプリを同じサーバー上で独立して動かせます。／まとめ：Dockerは、**アプリとその環境をまとめてパッケージ化し、どこでも同じように動かせる技術**です。開発や運用の効率化に広く使われています。,開発,,
MongoDB,MongoDB（モンゴ・ディービー）とは、NoSQL（Not only SQL）データベースの一つで、特に**ドキュメント指向（Document-Oriented）**のデータベースとして広く使われています。／従来のデータベース（RDBMS）とは異なり、柔軟でスケーラブルなデータ管理を特徴としています。,DB,,
GitGraph,GitGraphとは、**Gitのリポジトリの履歴（コミットの流れやブランチ構成）をグラフィカルに可視化できるツールや拡張機能**のことです。／主な特徴：①コミット履歴やブランチの分岐・統合の流れを「グラフ（線や点）」で表示します。②どのブランチでどんな作業が行われたか、マージやリベースの状況などが一目で分かります。③VisualStudioCodeの拡張機能「GitGraph」が有名です。／例：VSCodeのGitGraph拡張→①サイドバーから「GitGraph」を開くと、リポジトリの履歴がグラフィカルに表示されます。②コミットの詳細確認や、ブランチの切り替え・作成・マージなども直感的に操作できます。／まとめ：GitGraphは、Gitの履歴やブランチ構成をグラフィカルに見やすく表示・操作できるツールです。,"Git,vscode,拡張機能",,
コンバージョン,コンバージョン（英：conversion）とは「任務完了（－－）☆」のこと。／もう少し具体的に書くと、インターネット上で目にする広告（Web広告）の話とかで出てくる用語のひとつであり、「こうなったら目的は達成だね！」な「目指している成果」のことです。,IT全般,,
A.I,「A.I」とは、アクションアイテム（ActionItems）を指しています,その他,,
矢羽根スケジュール,矢羽根スケジュールとは、タスクを矢印（矢羽根）で示し、プロジェクトの全体像を視覚的に把握するためのツールです。プロジェクトマネジメントにおいて非常に有効で、特に複雑なプロジェクトの進行状況を一目で理解できるようにするために用いられます。主な特徴としては、以下のような点が挙げられます。期限の設定：各タスクには明確な期限が設定されるため、プロジェクト全体の進行状況を把握しやすくなります。,その他,,
お膳立て,物事が円滑に進むようにあらかじめ準備や手配を整えること,その他,,
ハンドシェイク,ハンドシェイクは、二つのデバイスやシステムが互いに接続するために行う一連の手続き,network,,
PT、IT、ST,PT：PenetrationTesting（ペネトレーションテスト、セキュリティ診断）／IT：InformationTechnology（情報技術）／ST：SystemTest（システムテスト）／この場合は、システム開発やセキュリティ関連の用語です。,開発工程用語,,
片肺,システム的な文脈における「片肺（かたはい）」の意味は、航空機など機械の比喩から来ており、主に**「冗長化（二重化）されているシステムの一部が停止し、残りの片方だけで運用している状態」**を指します。／この状態は、システム運用上、リスクが高まっている状態を意味します。,network,,
Oracle,オラクル社が開発・提供する**リレーショナル・データベース管理システム（RDBMS）**の名称です。文脈によっては、単に「Oracle」と言うとこのデータベース製品を指すことが非常に多いです。,DB,,
ミドルウェア,ミドルウェアとは、OS（オペレーティングシステム）とアプリケーションソフトウェアの間に位置し、両者の橋渡しをするソフトウェアです。アプリケーション開発において、共通して必要となる機能（データベース接続、通信制御、トランザクション処理など）を提供し、開発効率を向上させる役割を担います,network,,
APサーバー,APサーバー（アプリケーションサーバー）とは、Webシステムにおいて、Webサーバーとデータベースの中間に位置し、動的な処理とビジネスロジックを実行するためのサーバーです。,network,,
Webサーバー,Webサーバーとは、クライアント（Webブラウザなど）からのリクエストを受け付け、Webページなどのコンテンツを配信する役割を持つソフトウェア、またはそのソフトウェアが稼働するコンピューターを指します。主な役割は、静的なコンテンツ（HTMLファイル、画像、CSSなど）をクライアントに返すことです。動的な処理が必要な場合は、APサーバーと連携します。,network,,
向き先,「向き先（むきさき）」という言葉は、非常に簡潔に言えば「データの送信先、接続先、または処理の依頼先」を意味します。特にシステム間連携や設定の話でよく使われる、抽象的な接続先を示す言葉です。<br>■主な使われ方:<br>①接続先・通信先（ネットワーク/サーバー）<br>②データの処理先・依頼先（アプリケーション）<br>③システムの連携フロー（設計）,network,,
向き先,「向き先（むきさき）」という言葉は、非常に簡潔に言えば「データの送信先、接続先、または処理の依頼先」を意味します。特にシステム間連携や設定の話でよく使われる、抽象的な接続先を示す言葉です。<br>■主な使われ方:<br>①接続先・通信先（ネットワーク/サーバー）<br>②データの処理先・依頼先（アプリケーション）<br>③システムの連携フロー（設計）,network,,
お作法,IT、特にシステム開発や運用における「お作法（おさほう）」とは、明文化されたルール（規約）や、経験に基づいた暗黙の了解として、チームや業界内で共有されている「守るべき慣習・やり方」のことです。,IT全般,,
エスカレーション,IT分野における「エスカレーション（Escalation）」とは、担当者や現場レベルで解決できない問題を、より上位の権限や専門知識を持つ部署・担当者に引き継ぐプロセスを指します。,IT全般,,
Kotlin,Kotlin（コトリン）は、JetBrains社によって開発された静的型付けのプログラミング言語です。特にAndroidアプリ開発でJavaに代わる主要言語としてGoogleに公式に推奨されており、サーバーサイド開発など幅広い分野で人気を集めています。,"PayPayカード株式会社,Java,言語",,
Vue.js（ビュー・ジェイエス）,■Vue.jsとは<br>Vue.js（ビュー・ジェイエス）は、ユーザーインターフェース（UI）を構築するためのJavaScriptフレームワークです。学習コストが低く、シンプルで高性能であることから、世界中で人気を集めています。,"PayPayカード株式会社,JavaScript,フレームワーク",,
SpringBoot,SpringBoot（スプリング・ブート）は、Java（およびKotlin）でWebアプリケーションやマイクロサービスを簡単に、迅速に作成するためのフレームワークです。基盤となるSpringFrameworkの複雑な設定を自動化し、「設定より規約」の思想で、すぐにビジネスロジックの開発に集中できるようにします。,"PayPayカード株式会社,Java,フレームワーク",,
PayPayカード株式会社,PayPayグループのクレジットカード・金融事業を担う中核企業です。,PayPayカード株式会社,,
BIPROGY株式会社（ビプロジー）,事業内容:システムインテグレーション（SI）、クラウドサービス、データセンター運営など、幅広いITサービスを提供しています。,,,
環境変数,「環境変数（かんきょうへんすう）」とは、オペレーティングシステム（OS）や、その上で動作するプログラムの動作環境を設定するための、大域的な（システム全体で共有される）設定値のことです。簡単に言えば、**プログラムが外部から情報を取得し、その振る舞いを決定するための「システム全体のメモ帳」**のようなものです。,開発,,
ネットワークセグメント,ネットワークセグメント:ネットワーク全体をルーターやスイッチなどで区切った、論理的または物理的なひとまとまりの区間です。この区間内では、データが直接通信できます。,network,,
TCPセグメント,TCPセグメント:ネットワークプロトコルの一つであるTCP（TransmissionControlProtocol）において、送信するデータを小さく区切ったひとまとまりの単位です。,network,,
メモリセグメント,メモリセグメント:コンピュータのメモリ管理において、メモリ空間を論理的に区切った領域です。古いOSや一部のアーキテクチャで使われました。,network,,
コードセグメント,コードセグメント/データセグメント:プログラムの実行ファイルにおいて、実行される機械語コードの部分（コードセグメント）や、プログラムが扱う静的なデータや定数が格納される部分（データセグメント）を指します。,programing,,
セキュリティスイッチ,「セキュリティスイッチ」とは、ネットワークの基本的な接続機能（スイッチング）に、セキュリティ機能やアクセス制御機能を統合したネットワーク機器のことです。通常のスイッチングハブが単にデータを効率よく転送することに特化しているのに対し、セキュリティスイッチは不正な通信や機器の接続を検知・遮断することで、ネットワーク内部のセキュリティを高める役割を担います。,network,,
ファイアウォール,ネットワークのセキュリティを維持するためのシステムまたは機器のことで、主に外部ネットワーク（インターネット）と内部ネットワーク（あなたの自宅や会社のネットワーク）の境界に設置されます。その役割は、**「火の壁（Firewall）」**という名前の通り、許可されていない不正な通信（トラフィック）の侵入や流出を防ぐことです。,network,,
パケットフィルタ,パケットフィルタとは、データ通信の最小単位であるパケットを、設定されたルールに基づいて検査し、通過させるか破棄するかを決定する仕組みや機能のことです。,network,,
フィルタリング,フィルタリングとは、「パケットフィルタ」がそのルールに基づいて実際にパケットを検査・選別する処理や行為そのものを指す、動詞的な概念です。これは、ネットワークセキュリティ以外にも広く使われる言葉です。,network,,
リプレース,システムにおける「リプレース（Replace）」とは、現在稼働している古いシステムや機器を、新しいものと入れ替える（交換する）ことを指します。これは、ITシステムのライフサイクルにおいて、老朽化や性能不足、技術的な陳腐化などに対応するために不可欠なプロセスです。／①ハードウェアリプレース:サーバー、ストレージ、ネットワーク機器（ルーター、ファイアウォールなど）の交換。②ソフトウェアリプレース:OS、データベース、アプリケーション、ミドルウェアの交換。③フルリプレース:システム全体を一度に新しいものに交換する方法。④段階的リプレース:システムの機能やセグメント（部門、機能単位）ごとに分けて、順次新しいものに置き換えていく方法。,IT全般,,
ライブラリ,ITにおける「ライブラリ（Library）」とは、汎用性の高い特定の機能や処理がまとめられ、再利用できるように部品化されたプログラムの集合体のことです。プログラミングにおける「道具箱」や「辞書」のようなものであり、開発者がゼロからコードを書く手間を省き、効率的にソフトウェアを開発するために不可欠な存在です。,開発,,
障害許容性テスト,「障害許容性テスト（Fault Tolerance Testing）」とは、システムが意図的に発生させた障害やエラー、予期せぬ入力に対して、どれだけ/**どのように正常に稼働を継続できるか（耐えられるか）**を検証するテストです。これは、システムの**信頼性（Reliability）や可用性（Availability）**を評価するための重要なテストの一つです。,テスト工程,,
疎通テスト,疎通テストとは、ネットワーク上の異なる機器やシステム間で、物理的または論理的な通信経路が確立され、データが正しく行き来できるかを最も基本的なレベルで確認するテストです。,テスト工程,,
システムテスト(負荷),システムテスト（負荷）とは、システムに想定される最大規模、またはそれ以上のアクセス負荷やデータ処理負荷をかけ、システムの安定性や限界点を検証するテストです。,テスト工程,,
システムテスト(性能),システムテスト（性能）とは、システムが特定の条件下で、期待される応答時間（ミリセック単位など）や処理能力を発揮できるかを測定・検証するテストです。これはシステムの「速さ」と「効率」を確認するテストで、通常のアクセス量や処理件数を想定して行われます。,テスト工程,,
移行手順書,移行手順書とは、現行システムから新しいシステムへの切り替え作業を、正確かつ安全に行うための一連の作業手順を詳細に記述したドキュメントです。これは、システムのリプレース（入れ替え） の際に、システム停止時間（ダウンタイム）を最小限に抑え、データ損失や混乱なく移行を成功させるための一時的かつ具体的な計画書です。,"リプレース,BEAM",,
運用手順書,運用手順書とは、システムが稼働を開始した後、そのシステムを安定的に維持・管理していくために必要な、日常的および定期的な作業の手順をまとめたドキュメントです。これは、システムのライフサイクル全体を通じて使用される恒久的なマニュアルです。,"リプレース,BEAM",,
パケットキャプチャ,パケットキャプチャとは、ネットワーク上を流れるデータ通信の最小単位である「パケット」を、途中で傍受・収集し、その内容を記録・分析することを指します。これは、ネットワークのトラブルシューティングやセキュリティ分析において不可欠な手法です。,network,,
ポート,ネットワークにおけるポートとは、コンピュータやサーバーが外部と通信する際の、アプリケーションレベルの「窓口」や「出入り口」を識別するための番号です。物理的な接続口（LANケーブルを挿す穴）ではなく、ソフトウェア（OS）によって割り当てられた論理的な番号を指します。,network,,
マウント,ITにおける「マウント（Mount）」とは、外部の記憶装置やファイルシステムを、オペレーティングシステム（OS）が認識できる状態にし、ファイルやフォルダとしてアクセス可能にすることを意味します。／簡単に言えば、**「外付けのものを、自分のシステムの一部として使えるように接続・組み込む」**行為です。,,,
OS,「OS」とは、「オペレーティングシステム（Operating System）」の略称です。これは、コンピュータを動作させるための最も基本的なソフトウェアであり、ハードウェア（CPU、メモリ、ディスクなど）と、その上で動作するアプリケーションソフトウェア（Kotlinコード、Webブラウザ、ゲームなど）の間に立って、すべての動作を管理・制御する役割を果たします。／💡 代表的なOS:①Windows②macOS③Linux (サーバーや組み込みシステムで多用)④Android (スマートフォン向け)⑤iOS (iPhone向け),"IT全般,ソフトウェア",,
サマリー,「サマリー（Summary）」とは、全体の内容を短く要約したもの、あるいはその概要を意味する言葉です。ITやビジネスの分野では、大量のデータや複雑なプロジェクト内容を、意思決定や状況把握のために短くまとめたものを指します。,business,,
マイルストーン,「マイルストーン（Milestone）」とは、**プロジェクトの進行管理において、特に重要で、達成が不可欠な「中間目標地点」**のことです。／プロジェクトの全体工程のなかで、その目標を達成したかどうかによって、プロジェクトの節目や進捗を測るための重要なチェックポイントとして使われます。,business,,
OOP（Object-Oriented Programming：オブジェクト指向プログラミング）,現実世界にある「モノ（オブジェクト）」の概念をコンピュータプログラム上で表現するという、プログラムの設計および実装の考え方です。JavaはOOPの代表的な言語です。プログラムを「手続きの連なり」として見るのではなく、「データとそのデータを操作するメソッド」を持つオブジェクトが互いに連携して動作するものとして捉えます,Java(J2SE),,
関数,Javaのようなオブジェクト指向言語では、一般的に言う「関数」のことを「メソッド（Method）」と呼びます。メソッドとは、特定の処理（手続き）のまとまりに名前をつけたものであり、データ（オブジェクト）に対して操作や動作を与える役割を持ちます。,Java(J2SE),,
トレースログ,トレースログは、システムやアプリケーションの動作を詳細に記録するログの一種です。主に、トラブルシューティングやパフォーマンス分析のために使用されます。トレースログは、エラー発生時の経緯や各処理の実行時間を追跡するための重要な情報を提供します。,システム,,
public,Javaにおける public（パブリック）は、アクセス修飾子の一つであり、**「公開されている」「どこからでもアクセス可能である」**ことを意味します。簡単に言えば、その要素（クラス、メソッド、変数など）を、プログラム内のどこからでも利用できるようにするためのキーワードです。,"Java(J2SE),文法",,
method(メソッド),Javaのメソッドは、特定の動作や機能を実行するためのコードのまとまりであり、プログラムの中で重要な要素です。methodは複数の文や式をまとめてひとまとまりにし、それに名前をつけて呼び出すことで、処理が実行されます。Javaでは「関数」という独立した概念は存在せず、すべて「メソッド」として定義されます,Java(J2SE),,
EAR形式file,J2EEサーバー上にアプリケーションをデプロイするのに適した形式です。J2EEサーバーはエンタープライズシステム向けのJavaプラットフォームのことです。,"Java(J2SE),プラットフォーム",,
JARfile,複数のJavaクラスや、それに関連するメタデータファイル、テキストやイメージファイル、音声ファイルをひとつのファイルに統合した形式です。,"Java(J2SE),file",,
WARfile,JavaベースのWebアプリケーションやコンポーネントを圧縮した形式で、Webサーバ上で動作するものです。,"Java(J2SE),file",,
for文,繰り返し処理を行う際のプログラミングの構文のこと。これだけの回数、繰り返し処理してねという意味。,"Java(J2SE),構文",,
MIN_VALUE(定数),MIN_VALUEは、Javaの各数値ラッパークラス（例：Integer、Long、Double等）で定義されている静的定数です。この定数は、そのデータ型で表現可能な最小の値を表します,Java(J2SE),,
return,Javaのreturnは「処理中のものを中断して返す」のほかには、どのような意味があるのでしょうか。 もう一つの重要な役割として、「呼び出し側に値を返す」という意味もあります。,"Java(J2SE),処理",,
Program（class）の実行,■Program（class）の実行：クラスファイルの中のクラスを読み込んで実行するのがjavaコマンド。拡張子の「.class」は読み込んではいけない。（例）java.xxx,Java(J2SE),,
Comment（注釈）,■Comment（注釈）<br>伝統的コメント:⇒「/* 伝統的コメント +/<br>行末コメント：手短なコメントの記述に便利。//から行末までがコメントになる。,"Java(J2SE),memo",,
プログラムの構造,■プログラムの構造<br>クラス宣言→名前がHelloであるクラスのクラス宣言。<br>クラス名の先頭文字は大文字とするのが原則。<br>※（例）class Hello ｛　mainメソッドの宣言｝,"Java(J2SE),memo",,
プログラムの構成,class クラス名{<br>public static void main(Stirng args[]){<br>処理分<br>  }<br>}■プログラムの構造<br>・Javaのプログラムはクラスの集まり。クラス名とファイル名は合わせる。クラスの内容を{から}の間(ブロック)に書く<br>・処理のまとまりをメソッドと呼び、Javaはmainメソッドから実行される。<br>・処理分は;(セミコロン)で終わる。<br>System.out.println()は、()内のデータを表示する。,"Java(J2SE),文法",,
メソッドとクラス,"■Main.javaファイル<br>class Main {<br>public static void main(String[]args{<br>hello();<br>}<br>public static void hello() {<br>System.out.println(""HelloWorld"");<br>}<br>}<br>■Main.javaを実行すると<br>①mainメソッドが呼ばれる<br>②mainメソッドの中で、helloメソッドが呼ばれる<br>③helloメソッドの中で<br>System.out.println(""Hello World"")<br>が実行される。<br>■Main.javaを実行すると<br>①mainメソッドが呼ばれる<br>②mainメソッドの中で、helloメソッドが呼ばれる<br>③helloメソッドの中で<br>System.out.println(""Hello World"")<br>が実行される。",Java(J2SE),,
impor(インポート処理),importは、他のパッケージのクラスやメソッドを使用する際に使用するキーワードで、クラス名やメソッド名を完全修飾名で指定せずに指定できるようにします。Java(J2SE)のプログラム内で特定のパッケージに入っているクラスを呼び出すために使用されます。,Java(J2SE),,
メイン関数,`public static void main(String[] args)` はJavaプログラムのメイン関数を表します。`public`はどこからでも呼び出せることを意味し、`static`はインスタンス化せずに呼び出すために付けられます。`void`は何も返さないことを示し、`String`は文字列を格納するための型です。`args`は引数名で、コマンドライン引数を受け取る役割を果たします12。,"Java(J2SE),関数",,
コンソール出力,"javaでは、System.out.println(""  "")の標準出力でコンソールにログを出力する。<br>※①Run Javaで、ターミナルに結果が出力される<br>②もしくは、ターミナルで「cd ディレクトリパス」を入力して、『java ファイル名」を入力すれば、""HelloWorld""が出力される。","Java(J2SE),構文",,
for文,"for文の書き方は以下の通りです。<br>初期化式：for文に入ったときに、最初に一回だけ実行される式です。通常は、for文の中で使われる、回数を数える変数の初期化に使われます。<br>条件式：for文の中の処理を、もう一度繰り返すかどうかを判定する式を、こちらに書きます。<br>更新式：for文の中の処理内容を実行した後に、計算される式を記述します。<br>処理：for文の中で繰り返し実行される処理を記述します。<br>以下は、for文の例です。for (int i = 0; i < 10; i++) {System.out.println (i + ""回目のループ処理です。"");}","Java(J2SE),構文",,
int型,//int出力<br>public class iinnt {<br>public static void main(String[] args) {<br>int number = 5+2;<br>System.out.println(number);<br>}<br>},"Java(J2SE),型",,
string型,Javaにおいて文字列を表現するためのクラス<br>String 型は、Javaにおいて文字列を表現するためのクラスであり、文字列はオブジェクトとして扱われます。<br>String クラスは不変オブジェクトであり、一度作成されると変更できません,"Java(J2SE),型",,
boolean型※追加キャンセルフラグ？,Javaのboolean型の使い方<br>boolean型は真 (true) または偽 (false) を表す型で、if文やfor文、while文などで条件分岐やループの制御に利用される。<br>boolean型の変数を宣言してtrueまたはfalseの値を格納できる。<br>例: `boolean isJavaFun = true;`、`boolean isFishTasty = false;`,Java(J2SE),,
Javaファイルのコンパイル,■Javaファイルをコンパイルする<br>Hello.javaを実行するためにコンパイルを行い、実行するためのファイルを作成します。<br>コンパイルの方法は以下です<br>「javac(半角スペース)javaファイル名.java」<br>上記の構文でHello.javaのコンパイルを行います。<br>『javac Hello.java 』<br>コンパイルが成功すると、同じディレクトリ内に「Hello.class」というファイルが作成されており、それがjavaの実行ファイルになる。<br>Javaファイルを実行するためにコンパイル行い、実行するためのファイルを作成する。<br>◎コンパイルの方法<br>①『javac Javaファイル名.java』で<br>②『javac Hello.java』を入力する<br>■Javaの実行をする<br>『java 拡張子無しのファイル名』<br>※『java Hello』<br>⇒ターミナルで「Hello World」と出力される<br>■コンパイルとJavaの実行を一括で行う。※JAVA11以降<br>⇒『java Hello.java」,Java(J2SE),,
"public
※アクセス修飾子",アクセス修飾子の一つで、どこからでもアクセス可能とする修飾子<br>publicはJavaのアクセス修飾子の一つで、どこからでもアクセス可能とする修飾子である。publicなクラス・インタフェースは1つのファイルに1つしか記述できず、拡張子を除くファイル名とクラス・インタフェース名は同じでなければならない。トップレベルクラス（パッケージの直下にある通常のクラス）につけられるアクセス修飾子はpublicだけである。,Java(J2SE),,
FileNotFoundExceptionエラー,java.io.FileNotFoundException: /sss/app/kh/358_1738634724097/SEDB2025020011/Equipment.xls (このパス名のファイルまたは ディレクトリーは存在しません。),Java(J2SE),,
比較演算子,Javaの比較演算子には以下のものがあります:<br>「<」：より小さい<br>「<=」：以下<br>「>」：より大きい<br>「>=」：以上<br>「==」：等しい,Java(J2SE),,
final,Javaクラス変数の修飾子につけるもの。,"Java(J2SE),アクセス修飾子",,
private,現在のクラスからのみアクセス可能なことを示す修飾子,"Java(J2SE),アクセス修飾子",,
var,変数の宣言時にデータ型の記述を省略できる機能,Java(J2SE),,
console.log,JavaScriptの console.log() は、ウェブブラウザの開発者ツール（Developer Tools）のコンソールにメッセージや変数の内容を出力するための基本的な関数です。デバッグや値の確認に欠かせません。<br>⚙️ console.log() の文法<br>基本的な文法は非常にシンプルで、丸括弧 () の中に出力したい情報を記述します。<br>console.log(データ1 [、データ2、 …、 データN]);,"JavaScript,関数",,
const,const は、値を再代入できない定数を宣言するために使われます。,"JavaScript,定数",,
let,let は、値を再代入できる変数を宣言するために使われます。現在のJavaScriptの標準的な変数宣言方法です。,"JavaScript,変数",,
var,var はJavaScriptの初期から存在する古い変数宣言方法です。現代のコーディングでは、予測しやすいスコープを持つ let や const の使用が強く推奨され、var は非推奨とされています。,"JavaScript,非推奨の変数",,
if 文（条件分岐）,if 文は、与えられた条件式（カッコ内の式）を評価し、その結果（true または false）に基づいて、実行するコードのブロックを切り替えます。,"javascript,構文",,
for 文（ループ処理）,for 文は、指定された回数だけ同じ処理を繰り返す際に最も一般的に使われるループ構造です。,"javascript,構文",,
関数,JavaScriptにおける関数 (Function) は、特定の処理をひとまとめにして名前を付けたブロックです。このブロックは、必要に応じて何度でも再利用できるため、プログラムの構造化、可読性の向上、およびバグの減少に不可欠です。<br><br>⚙️JavaScriptの関数（Function）の基本構文<br>JavaScriptには主に3つの関数の書き方があり、特に modern JavaScript では アロー関数 がよく使われます。<br>A. 関数宣言 (Function Declaration)<br>function 関数名(引数1、引数2) {<br>// 実行したい処理<br>return 戻り値; <br>}<br>B. 関数式 (Function Expression)<br>関数を値として変数（通常は const）に代入する形式です。<br>const 変数名 = function(引数1、引数2) {<br>// 実行したい処理<br>return 戻り値;<br>};<br>C. アロー関数 (Arrow Function)<br>ES6以降で推奨される、最も簡潔な書き方です。特に処理がシンプルな場合に便利です。<br>構文<br>引数と処理ブロックの間に => (アロー) を使います。<br>const 関数名 = (引数1、引数2) => {<br>// 実行したい処理<br>return 戻り値;<br>};,"javascript,関数",,
型,JavaScriptにおけるデータ型は、プログラムが扱う情報の種類を定義します。主なデータ型は、大きく分けてプリミティブ型とオブジェクト型の2種類があります。<br>1. 🌟 プリミティブ型（基本型）<br>プリミティブ型は、単一の値を表し、変更が不可能な（イミュータブルな）データ型です。<br>A. String 型（文字列）<br>テキストデータを表す型です。<br>B. Number 型（数値）<br>整数や浮動小数点数（小数）を含む、すべての数値を表す型です。<br>C. Boolean 型（真偽値）<br>論理的な真（正しい）か偽（間違い）のいずれかを表す型です。<br>D. その他のプリミティブ型<br>①null②undefined③Symbol④BigInt<br>2. 🧱 オブジェクト型<br>プリミティブ型以外のすべてのデータはオブジェクト型です。複数の値をまとめることができます。<br>A. Object 型（オブジェクト）<br>名前（キー）と値（プロパティ）のペアを格納する、非順序付きのコレクションです。<br>B. Array 型（配列）<br>順序付けられた値のリストを格納する型です。,"javascript,型",,
Stringメソッド,JavaScriptの String メソッドは、文字列（String型）を操作したり、検索したり、新しい文字列を作成したりするための関数（メソッド）です。<br>🔗 主な String メソッドとその使い方<br>1. toUpperCase() / toLowerCase()<br>文字列のすべての文字を大文字または小文字に変換します。<br>2. replace()<br>文字列内で最初に一致した部分文字列を、新しい文字列に置き換えます。<br>3. slice()<br>文字列の一部を切り取って、新しい文字列として返します。<br>4. indexOf()<br>指定した文字列が最初に現れる位置（インデックス）を検索します。<br>📚 その他の重要な String メソッド<br>①trim()②includes()③split()④substring()⑤concat(),"javascript,メソッド",,
Git,Gitは、ソースコードなどのファイルの「バージョン管理」を行うためのツールです。<br>ターミナル（コマンドプロンプトやWindows Terminalなど）からコマンドを入力して操作します。 複数人での開発や、過去の変更履歴の管理に広く使われています。<br>■ポイント：<br>- Gitはターミナルでコマンドを入力して操作します。 - 変更履歴の管理や、複数人での共同作業にとても便利です。,Git,,
Gitコマンド一覧,"■Gitのコマンド一覧<br>〇git log:<br>""コミット履歴を表示する<br>`git log` は、コミット履歴を表示するコマンドです。<br>`git log` の画面は「less」というページャーで表示されているため、 下記のキーで抜けて（戻って）ください。<br>``` q ```<br>キーボードで「q」を押すと、元のコマンドプロンプトに戻ります。""<br>〇git init:<br>リポジトリの初期化・取得／ 新しくGitリポジトリ（管理対象）を作成する<br>〇git status:<br>変更内容を確認／現在の変更状況や状態を確認する<br>〇git diff:<br>差分を確認<br>〇git add <ファイル名>:<br>ファイルをステージに追加をする。※ステージに追加は、コミットする前に「どのファイルを記録するか」を選ぶ操作。／ファイルをコミット対象に追加する<br>〇git commit -m:<br>""コミットメッセージ"" コミット(変更を記録)<br>〇git clone [URL]:<br>既存リポジトリを複製する／既存のリポジトリをコピーして取得する<br>〇git push:<br>ローカルの変更をリモートリポジトリに送信する<br>〇git pull:<br>リモートリポジトリの変更を取得し、統合する<br>〇git branch:<br>ブランチ（作業用の分岐）の一覧を表示する<br>〇git checkout [ブランチ名]:<br>指定したブランチに切り替える<br>〇git merge [ブランチ名]:<br>指定したブランチを現在のブランチに統合する","Git,コマンド一覧",,
master,■masterブランチについて<br>〇起源：<br>Gitの初期から使われていたデフォルト名<br>〇意味合い：<br>「マスター（支配者）」という意味が含まれる<br>古いリポジトリや一部の企業で使用中<br>〇技術的な違い<br>技術的にはmainとmasterに機能的な違いはありません。どちらも通常、開発の基準となるブランチであり、以下のような役割を持ちます：<br>・リリース対象のコードが置かれる<br>・他のブランチ（feature、hotfixなど）からマージされる<br>・CI/CDの対象になることが多い<br>〇なぜ「main」に変わったのか？<br>2020年頃から、GitHubをはじめとするプラットフォームが「master」という用語が持つ歴史的背景（奴隷制度との関連）を考慮し、より中立的な「main」への変更を推奨するようになりました。<br>〇変更方法（参考）<br>既存のリポジトリで master を main に変更するには、以下のような手順を踏みます：<br>① ローカルブランチ名を変更<br>git branch -m master main<br>② リモートに新しいブランチをプッシュ<br>git push -u origin main<br>③ GitHubなどでデフォルトブランチを「main」に設定変更<br>④ 古い master ブランチを削除（必要に応じて）<br>git push origin --delete master<br>ご自身のプロジェクトでどちらを使うべきか迷っている場合は、「main」を使うのが現在の標準です。,"Git,ブランチ",,
main,■mainブランチについて<br>〇起源：<br>2020年以降、GitHubなどで推奨されるようになった新しいデフォルト<br>〇意味合い：<br>より中立的で包括的な表現<br>〇現在の使用状況：<br>新規リポジトリでは「main」が主流,"Git,ブランチ",,
プルリクエスト,"■プルリクエストとは<br>主にGitやGitHub、GitLabなどのバージョン管理システムにおいて、自分の開発した変更をプロジェクトの本体（メインブランチ）に取り込んでもらいたいときに、その変更を提案・依頼するための仕組みです。<br><br>■プルリクエストのやり方（一般的なGitHubのフロー）<br>プルリクエストを作成し、マージ（統合）するまでの基本的な手順は以下の通りです。<br>〇ステップ 1: 開発ブランチを作成・変更をコミットする<br>まず、メインブランチを直接変更するのではなく、機能追加やバグ修正用の新しいブランチを作成し、そこで作業を行います。<br>①ブランチの作成と切り替え:<br>(Bash)<br>git checkout main              # 最初にメインブランチが最新であることを確認<br>git pull origin main<br>git checkout -b feature/new-login  # 新しいブランチを作成し、切り替える<br>②コードの変更とコミット: <br>必要なコードの変更を行い、変更内容をコミットします。<br>(Bash)<br># (コードを編集)<br>git add .<br>git commit -m ""feat: ログイン機能を追加""<br>③リモートリポジトリへのプッシュ: <br>作業ブランチをGitHubなどのリモートリポジトリにアップロードします。<br>(Bash)<br>git push origin feature/new-login<br>〇ステップ 2: プルリクエストを作成する<br>プッシュが完了すると、通常、GitHubなどのプラットフォーム上でPRを作成するためのボタンが表示されます。<br>①PRの作成画面へ移動: <br>GitHubの画面上で「Compare & pull request」ボタンをクリックするか、「Pull requests」タブから「New pull request」を選択します。<br>②マージの方向を指定:<br>・ベースブランチ (Base): 変更を取り込みたいブランチ（通常はmainなど）。<br>・比較ブランチ (Compare): 変更を加えた自分のブランチ（例: feature/new-login）。<br>③タイトルと説明の記入:<br>・タイトル: 変更内容が一目でわかるように簡潔に記述します（例: 【Feature】ユーザーログイン機能を実装）。<br>・説明: 変更の目的、実装の詳細、テスト方法、解決した課題などを詳しく記述します。<br>④PRの作成: 情報を確認し、「Create pull request」ボタンをクリックしてPRを作成します。<br>〇ステップ 3: レビューとマージ<br>PRが作成されると、レビューとマージが行われます。<br>①レビュー:チームメンバー（レビュアー）がPRを開き、コードを確認し、コメントや承認（Approve）を行います。<br>②修正: レビュアーから修正依頼があった場合、ローカルのブランチで修正を行い、再度プッシュします。PRは自動的に更新されます。<br>③マージ (Merge): すべてのレビューが完了し、テストが成功したら、PRの作成者または権限を持つレビュアーが「Merge pull request」ボタンをクリックし、変更をベースブランチ（main）に統合します。<br>④ブランチの削除: マージが完了したら、作業に使ったブランチ（feature/new-login）は不要になるため、削除します。","Git,仕組み",,
push手順,"■ 前提条件<br>以下が準備できていることを確認してください：<br>1. Gitがインストールされている<br>2. GitHubアカウントを持っている<br>3. VS Codeがインストールされている<br>4. GitHubにリポジトリ（保存場所）を作成している<br><br>■ GitHubにファイルをPushする手順<br>① VS Codeでプロジェクトを開く<br>VS Codeで、Gitで管理したいフォルダを開きます。<br>② Gitを初期化する（初回のみ）<br>ターミナルを開いて、以下のコマンドを入力：<br>「git init」<br>③ ファイルをステージに追加する<br>変更したファイルをGitに追加します：<br>git add <br>「.」はすべてのファイルを追加するという意味です。<br>④ コミットする。<br>変更内容を記録します：<br>git commit -m ""初回コミット""<br>⑤ GitHubのリポジトリと接続する<br>GitHubで作成したリポジトリのURLを使って、以下のように入力：<br>git remote add origin https://github.com/ユーザー名/リポジトリ名.git<br>git remote add origin https://github.com/RENNYAWATANABE/BEAMTEST-.git<br>⑥ Pushする（アップロード）<br>GitHubにファイルを送ります：<br>git push -u origin master<br>※最近は main ブランチが主流なので、master の代わりに main を使う場合もあります：<br>git push -u origin main<br>💡 補足：VS CodeのGUIでも可能！<br>VS Codeの左側にある「ソース管理」アイコン（分岐のようなマーク）を使えば、GUIで add や commit ができます。\ 「…」メニューから「Push」も選べます。","Git,Push手順",,
生産系pc,■生産系PCとは（OTネットワーク）<br>生産系PCは、主に工場の生産ライン、制御、監視といった、製品を生み出すためのオペレーションテクノロジー（OT: Operational Technology）に関わる作業に使われます。,"network,SCK",,
事務系pc,■事務系PCとは（ITネットワーク）<br>事務系PCは、一般的に企業の管理、営業、経理、情報共有といったインフォメーションテクノロジー（IT: Information Technology）に関わるバックオフィス業務に使われます。,network,,
サーバーをたたく,■サーバーをたたくの意味<br>1. Webサーバーへのアクセス（最も一般的な使用例）<br>WebサイトやWebアプリケーションを使用するとき、ブラウザ（クライアント）からWebサーバーへ情報を要求することです。<br>2. APIへのリクエスト<br>アプリケーションが他のサービスの機能を利用するために、そのサービスが公開しているAPI（Application Programming Interface）にデータや処理を要求することです。<br>3. 負荷テストや性能評価<br>サーバーの処理能力や安定性を確認するために、意図的に大量のアクセスを送りつけることです。<br>4. ネットワーク接続の確認（Pingなど）<br>サーバーがネットワーク上で生きていて、通信できる状態にあるかを確認する行為です。<br><br>🗣️ なぜ「たたく」と言うのか？<br>「たたく（叩く）」という言葉には、「軽く刺激を与える」「作用を及ぼす」といったニュアンスがあります。<br>コンピューターの文脈では、ネットワークを通じてサーバーに対し「Pingを打つ」「コマンドを打つ」といった表現と同様に、サーバーに対して何らかのアクションを要求する、または刺激を与えるという意味合いで「サーバーをたたく」という比喩が使われるようになったと考えられます。,network,,
ポリシー,ITやビジネスの文脈で「ポリシー」という言葉が使われる場合、それは組織やシステムが従うべき、あらかじめ定められたルールや方針を意味します。,business,,
キリンの二の舞,■「キリンの二の舞」（になる）とは<br>「キリンの二の舞」という表現は、ITやセキュリティの文脈で使われる場合、特定の企業の失敗事例、特にセキュリティやシステム統合における失敗事例を教訓として回避することを意味する警告です。<br>これは、かつてIT業界で話題になったキリンホールディングスのシステム統合失敗を教訓としたものです。,business,,
Kotlin,"■意味<br>Kotlinは、JetBrains社が開発したプログラミング言語で、Javaと互換性がありながら、より簡潔で安全なコードが書けるよう設計されています。<br>■概要<br> - Android開発で特に人気。<br>  - Javaよりも少ないコード量で同じ処理が可能。<br>  - Null安全（NullPointerExceptionを防ぐ仕組み）が特徴。<br>  - JVM上で動作するため、Javaライブラリをそのまま使える。""","paypayカード株式会社,kotlin",,
Docker,■ Docker とは<br>〇Dockerの意味と概要:<br>  - アプリケーションを「コンテナ」と呼ばれる軽量な仮想環境で実行する技術。 <br> - 開発環境と本番環境の差異をなくすことができる。  <br>- 依存関係を含めて一つのイメージとして管理できる。<br><br>■Dockerの主な特徴<br>1. コンテナ技術<br>コンテナは、アプリケーションとその実行に必要なライブラリや設定をひとまとめにした軽量な仮想環境です。仮想マシン（VM）よりも軽量で高速に起動できます。<br>2. 環境の一貫性<br>開発環境・テスト環境・本番環境で同じコンテナを使えるため、「開発環境では動いたのに本番では動かない」といった問題を防げます。<br>3. 移植性とスケーラビリティ<br>コンテナはどのOSでも同じように動作するため、クラウドやオンプレミスなど、さまざまな環境に簡単に展開できます。<br>4. Docker Hubとの連携<br>Docker Hubという共有レジストリを使って、他の人が作ったコンテナをダウンロードしたり、自分のコンテナを公開したりできます。<br><br>■よく使われるコマンド例<br>docker build -t myapp .       # Dockerfileからイメージを作成<br>docker run -d -p 8080:80 myapp # コンテナをバックグラウンドで起動<br>docker ps    # 実行中のコンテナ一覧を表示<br>docker stop &lt;コンテナID&gt;      # コンテナを停止,"paypayカード株式会,Docker",,
Kubernetes（k8s）,■ Kubernetes（k8s）の意味と概要:<br>  - Dockerなどのコンテナを自動で管理・スケーリング・監視するオーケストレーションツール。 <br> - 複数のコンテナをクラスタとして運用可能。 <br> - 高可用性や自己修復機能を持つ。,"paypayカード株式会,Kubernetes（k8s）",,
Javacore,■Javacoreとは<br>「Javacore（ジャバコア）」とは、Java仮想マシン（JVM）が動作している最中に、ある一瞬の実行状態を記録したファイルのことです。<br>これは主に、Javaアプリケーションで発生した問題（フリーズ、性能劣化、デッドロックなど）の原因を特定し、解析するために使用される重要な問題判別文書の一つです。<br>「スレッドダンプ (Thread Dump)」と呼ばれることもあります。<br>■javacore(スレッドダンプ)の取得方法<br>1. Linux/Unix環境での取得方法（kill -3）<br>LinuxやUnix系のOSで動作しているJVMからjavacoreを取得する最も一般的な方法は、kill -3コマンドを使用することです。このコマンドは、JVMプロセスを終了させずに、スレッドダンプの出力を要求します。<br> 2. Windows環境での取得方法（Ctrl + Break）<br>Windows環境で、コンソール（コマンドプロンプトやPowerShell）からJavaアプリケーションを実行している場合は、以下のキー操作でスレッドダンプを取得できます。<br> 3. JVMツール（JStack）による取得方法<br>JVMに標準で付属している**jstack**コマンドを使用すると、プロセスを停止させずに、より簡潔にスレッドダンプを取得できます。これは、Linux、macOS、Windowsのすべてで使用可能です。,"Java(J2SE),記録ファイル",,
Docker Compose,"■Docker Composeとは？<br>Docker 複数のコンテナをまとめて管理・起動するためのツールです。<br>設定は docker-compose.yml というファイルに書きます。		","paypayカード株式会,Docker Compose",,
node.js,"■ Node.jsとは<br>Node.js（ノードジェイエス）は、サーバーサイド（バックエンド）でJavaScriptを動かすための実行環境です。  <br>もともとJavaScriptはブラウザ上でしか動きませんでしたが、Node.jsを使うことでサーバーやコマンドラインでもJavaScriptが使えるようになります。<br>■ 主な用途<br>- サーバーアプリケーションの開発（Webサーバー、APIサーバーなど）<br>- バッチ処理や自動化スクリプト<br>- フロントエンド開発ツール（npm、webpackなど）<br><br>■ 使い方の例<br>1. JavaScriptファイル（例：app.js）を作成<br>```javascript<br>console.log(""Hello Node.js!"");<br>2. ターミナル（コマンドプロンプト）で実行<br>node app.js<br><br>■ダウンロード・インストール方法<br>1. [Node.js公式サイト](https://nodejs.org/ja)にアクセス<br>2. 「LTS（推奨版）」を選んでダウンロード<br>3. ダウンロードしたインストーラーを実行し、画面の指示に従ってインストール<br><br>■ インストール確認<br>ターミナルで以下のコマンドを入力し、バージョンが表示されればOKです。<br>```<br>node -v<br>```","javascript,サーバーサイド実行環境,node.js",,
Dockerfile,■ Dockerfileとは？<br>Dockerfileは、Dockerイメージを作成するための設定ファイルです。<br>中には、どのOSを使うか、どのソフトウェアをインストールするか、どんなコマンドを実行するかなどが記述されています。,"Docker,paypayカード株式会",,
マイクロサービス, ■ マイクロサービス<br> 意味: マイクロサービスは、アプリケーションを複数の小さなサービスに分割して、それぞれ独立して開発・運用するアーキテクチャスタイル。<br>- 概要:  <br>- 各サービスは独立してデプロイ可能。<br>- チームごとに異なる技術スタックを使える。  <br>- スケーラビリティや保守性が高い。<br>- ただし、サービス間通信やデータ整合性の管理が課題になることも。,"paypayカード株式会,マイクロサービス",,
秘密鍵,■秘密鍵 (Private Key)とは<br>〇役割:<br>錠前を開ける鍵、または署名を作成するペンの役割を持ちます。<br>〇特性: <br>絶対に他人に見せてはいけない鍵です。<br>〇用途:<br>①復号化: 公開鍵で暗号化されたデータを受け取り、それを元に戻す（復号化する）ために使われます。<br>②署名作成: データが自分のものであることを証明する電子署名を作成するために使われます。,Git,,
公開鍵,■公開鍵 (Public Key)とは<br>〇役割: <br>錠前、または署名の正当性を証明する検証ツールの役割を持ちます。<br>〇特性:<br>広く一般に公開しても問題ない（公開することが前提）鍵です。<br>〇用途:<br>①暗号化: 秘密鍵を持つ本人にデータを送る際、そのデータを暗号化するために使われます。<br>②署名検証: 秘密鍵で作成された電子署名が本物かどうかを検証するために使われます。,Git,,
リポジトリ,■リポジトリ (Repository) の意味<br>リポジトリとは、一言で言えば「プロジェクト全体のすべてのファイルと、それらのファイルの全変更履歴を保存している場所（データベース）」のことです。,Git,,
ブランチ（branch),■ ブランチ (Branch) の意味<br>ブランチとは、リポジトリ内のバージョン履歴の流れを枝分かれさせる仕組みです。簡単に言えば、「一時的な作業場所」や「開発ライン」を作る機能です。,Git,,
nmon,nmon（Nigel's Monitor）は、LinuxおよびAIXシステムのパフォーマンスを監視するためのツールです。もともとIBMによってAIX向けに開発され、後にLinuxプラットフォームにも移植されました。,"Linuxツール,IBM",,
SFTP,SFTP（SSH File Transfer Protocol）**は、SSH（Secure Shell）を利用して暗号化された通信路を通じて安全にファイルを送受信するためのプロトコルです。従来のFTP（File Transfer Protocol）と似た操作性を持ちながら、データの盗聴や改ざんを防ぐために強力な暗号化を提供します。SFTPは、主に以下の特徴を持っています。,"network,通信プロトコル",,
エンコーディング,エンコーディングとは、ある形式のデータや情報を、別の形式のデータや情報に変換する処理、またはその**規則（符号化方式）のことを指します。<br>最も一般的な文脈は**「文字エンコーディング」**です。,開発,,
エンコーディングフィルター,「エンコーディングフィルター」という用語は、特定の技術分野で使われますが、一般的な意味合いとしてはデータが特定のシステムを通過する際、そのエンコーディング（符号化）を自動的に行ったり、内容を特定の形式に変換したりする機構を指します。,開発,,
コネクションプール,コネクションプールとは、データベース接続をあらかじめ作成してプールに保管し、必要なときに再利用する仕組みです。これにより、接続の作成や破棄によるオーバーヘッド を削減できます。高いパフォーマンスが求められるシステムでは、コネクションプールの適用が推奨されます。,Database,,
tear term,Tera Termは、Windowsプラットフォーム上で動作するオープンソースのターミナルエミュレータで、主にSSHやTelnetを使用してリモートサーバーに接続し、操作するためのソフトウェアです。,"ソフトウェア,サーバー",,
片肺,「片肺（かたはい）」のシステム的な意味は、冗長性（じょうちょうせい、Redundancy）を持つシステムにおいて、構成要素の一部（通常はペアで動作する片方）が故障または停止し、残りの機能のみで動作し続けている状態を指します。,"network,冗長構成",,
再起動コマンド,再起動コマンドは、コンピューター、サーバー、またはネットワーク機器などのシステムに対して、実行中の処理を終了させ、電源を切らずにシステムをオペレーティングシステム（OS）から再度立ち上げ直すよう指示するための命令です。これは、システムの状態をリフレッシュし、不安定な状態や一時的な問題を解消するために使用されます。,"network,サーバー",,
コネクション,システム的な文脈における「コネクション（Connection）」とは、データ伝送やリソース利用のために、通信を行う二者間（機器、ソフトウェア、プロセスなど）で一時的に確立される、仮想的または論理的な専用通信路や接続関係を指します。これは、単なる物理的なケーブルの接続という意味合いを超え、**「通信が可能な状態が保証された論理的な状態」**を意味します。,network,,
ダンプ（Dump）,「ダンプ（Dump）」とは、システムやプログラムが特定の時点やエラー発生時に持っていたメモリやデータの内容を、そのまま外部ファイルなどにそっくり書き出す（出力する）処理、または出力されたデータそのものを指します。「中身をそのまま放り出す（dump）」という英語の原義から来ており、システムの状態を詳細に記録するために非常に重要です。,Data,,
セキュリティスイッチ,セキュリティスイッチとは、従来のネットワークスイッチ（L2スイッチなど）が持つデータ転送機能に加えて、セキュリティ機能を組み込み、ネットワーク内部で発生する脅威を自動で検知・遮断することに特化したネットワーク機器です。,"network,機器",,
時刻同期エラー,時刻同期エラーとは、ネットワーク上の複数のコンピューターやシステム間で、保持しているシステム時刻が一致せず、ずれが生じている状態、またはそのずれが原因で発生する問題のことです。,network,,
キャッシュ,キャッシュとは、データに再度アクセスする際の処理速度を向上させるために、データを一時的に保存しておく高速な記憶領域または仕組みのことです。,network,,
SVN,SVNは、複数の開発者が一つのプロジェクトで共同作業を行う際、ソースコードやドキュメントなどのファイルに対する変更履歴を管理し、共有するために使われます。,network,,
Telnet（テルネット）,Telnet（テルネット）とは、ネットワークを通じて遠隔地にあるコンピューター（サーバーなど）にログインし、コマンドを対話形式で実行するための通信プロトコル、およびそれを利用するクライアントソフトウェアの名前です。,"network,通信プロトコル",,
WAN（ワイド・エリア・ネットワーク）,LAN（ローカル・エリア・ネットワーク）**は、限定された狭いエリアをカバーするネットワークです。,network,,
VNC,VNCは、ネットワーク経由で**遠隔地にあるコンピューターのデスクトップ画面を、手元のコンピューターに表示・操作するためのシステム（プロトコルとソフトウェア）**です。,network,,
CDE（Common Desktop Environment）,CDE（Common Desktop Environment）は、かつてUNIXワークステーションや商用UNIXシステム（Solaris、HP-UX、 AIXなど）で標準的に使われていた**グラフィカルデスクトップ環境（GUI）**のことです。,network,,
フォローアップ,フォローアップとは、ある行動や出来事（イベント）が完了した後、その結果や影響を確認したり、次の段階へ進めるために追加の措置を取ったりすることを意味します。日本語では**「追跡調査」「経過観察」「後追い対応」**といった意味合いで使われます。,ビジネス,,
リグレッションテスト,リグレッションテストとは、日本語で「回帰テスト」とも呼ばれ、システムやソフトウェアの一部に変更（修正、機能追加など）を加えた後、その変更によって既存の機能や性能に意図しない悪影響（不具合や劣化）が発生していないかを確認するためのテストです。一言で言えば、**「昔動いていた部分が、今もちゃんと動いているか」**を確認する作業です。,テスト工程,,
フィックス（Fix）,「フィックス（Fix）」は、英語で「固定する」「修理する」「確定する」といった意味を持つ単語で、ITやビジネスの文脈では主に以下の3つの意味で使われます。<br>1.  不具合の修正（バグフィックス）<br>最も一般的な使われ方です。システムやソフトウェアにおける欠陥（バグ）を発見し、それを修正することを指します。<br>2. 確定・固定（予定や仕様）<br>プロジェクト管理やスケジュール調整の文脈で、内容を最終決定し、変更しない状態にすることを指します。<br>3. データや状態の固定（システム）<br>技術的な文脈で、あるデータや状態を確定させ、動かないようにすることを指します。,"ビジネス,開発",,
オンサイト（On-site）,オンサイト（On-site）とは、「現場（現地）で」「施設内で」という意味を持つ言葉で、ビジネスやITの文脈では、対象の場所から離れずに、物理的にその場にいる状態やその場所で行われる作業を指します。<br>1. ITサポート・保守におけるオンサイト<br>意味: 顧客の企業やデータセンターなど、機器が設置されている場所へ技術者が直接出向いて行うサポートや修理作業のことです。<br>2. 開発・プロジェクト管理におけるオンサイト<br>意味: システム開発やプロジェクト遂行において、顧客（発注元）のオフィスや施設に開発メンバーが常駐して作業を行う形態のことです。<br>3. イベント・会議におけるオンサイト<br>意味: 実際に会場に集まって開催されるイベントや会議のことです。,ビジネス,,
GoLive（ゴーライブ）判定,Go-Live（ゴーライブ）判定とは、新しいシステムやサービスを本番環境に移行し、実際にユーザーへの提供（稼働）を開始しても問題ないかを最終的に判断・決定するプロセス、またはその決定自体を指します。これは、プロジェクトの成功とシステムの安定稼働を保証するための、最終関門となる重要な意思決定です。,"ビジネス,開発工程",,
HTTPサーバー,HTTPサーバーとは、**HTTP（Hypertext Transfer Protocol）という通信規約を用いて、クライアント（主にWebブラウザ）からのリクエスト（要求）を受け取り、それに応じたレスポンス（応答）**を返す役割を持つソフトウェアのことです。,network,,
百害あって一利なし,「百害あって一利なし」とは、<br>百害（ひゃくがい）：数えきれないほどの害（デメリット、悪い結果、損害）<br>一利なし（いちりなし）：一つとして益（メリット、良い結果、得）がない<br>つまり、**「悪いことばかりで、良いことが何一つない」**という状態や行為を強く非難するときに使う表現です。,ビジネス,,
概算,「概算（がいさん）」とは、おおよその金額や数量を計算すること、またはその計算結果自体を指します。<br>正確な数値ではなく、大まかな見通しや目安を立てるために行われる計算です。,ビジネス,,
HTTPS,HTTPSは、ウェブサイトとあなたのブラウザの間でやり取りされるデータを暗号化するための仕組みです。,network,,
リダイレクト,リダイレクトとは、ユーザーがアクセスしたURLとは異なる別のURLに、自動的に転送する（送り直す）仕組みです。,network,,
リストア,「バックアップデータを基にして、システムやデータを以前の正常な状態に戻すプロセス」を指します。,network,,
リプレース,■リプレースとは<br>単に機器を交換するだけでなく、システム全体を新しいものに刷新する作業を指します。<br>■インフラリプレースとは<br>システムやアプリケーションが動作するための土台（基盤）となる、ハードウェアや基本ソフトウェアなどを新しいものに交換することです。,"リプレース,BEAM",,
IPアドレス,ネットワーク上におけるコンピューター（サーバー、データベースなど）の「住所」**です。,"システム接続情報,network",,
ポート番号,IPアドレスで特定されたコンピューターの中で、「どのサービス（アプリケーション）に接続するか」を識別するための番号です。,"システム接続情報,network",,
ユーザーID（またはユーザー名）,アクセスを試みている「人」または「システム」を識別するための名前です。,"システム接続情報,network",,
パスワード,ユーザーIDと組み合わせて使われる認証情報です。,"システム接続情報,network",,
メンテナンス,システムやソフトウェア、ハードウェアが常に正常に、かつ効率的に動作し続けるように維持・管理する活動全般を指します。<br>日本語では「保守」や「維持管理」と訳されます。,"メンテナンス,network,BEAM",,
並行稼働,並行稼働<br>旧環境（変更前のIPアドレス）と新環境（変更後のIPアドレス）を同時に動作させ、利用者に影響がないかを確認したり、段階的に切り替えたりする方式。<br>意味<br>今回の作業では、この並行稼働（デュアルラン）は行わない、つまり、切り替え期間中はどちらの環境もサービスの提供を中断します。,"BEAM,リプレース",,
NDA（秘密保持契約）,■NDA（秘密保持契約）とは<br>NDAは、企業間、または企業と個人（従業員、コンサルタントなど）の間で締結される契約です。<br>〇目的: <br>ある取引やプロジェクトを検討・実行するにあたって、相手の機密情報を知る必要が生じた際、その情報が外部に漏洩したり、契約目的外に使われたりすることを防ぐために交わされます。<br>〇義務: <br>契約を結んだ側には、受領した情報を**「秘密として保持する義務（秘密保持義務）」と、その情報を「契約で定められた目的以外に使わない義務（目的外使用禁止義務）」**が発生します。,"ビジネス,BEAM",,
リモートデスクトップ,リモートデスクトップ（Remote Desktop）とは、ネットワークを経由して、遠隔地にあるコンピューターのデスクトップ画面を、手元のコンピューターに表示・操作するための技術、またはそのためのソフトウェアやプロトコルのことです。<br>これにより、物理的に離れた場所にあるPCやサーバーを、あたかも目の前にあるかのように操作できます。<br>■リモートデスクトップの基本的な仕組み<br>リモートデスクトップは、「クライアント（手元のPC）」と「ホスト/サーバー（遠隔地のPC）」の2つで構成されます。<br>〇ホスト（サーバー）側: <br>遠隔操作される側のコンピューター。デスクトップの画面情報をデータに変換し、ネットワーク経由でクライアントに送信します。<br>〇クライアント側: <br>ユーザーが操作する手元のコンピューター。受信した画面データを受け取って表示し、ユーザーが行ったキーボードやマウスの操作（入力データ）をホスト側に送信します。<br>このやり取りにより、手元の画面で遠隔地のPCをリアルタイムに操作できます。,network,,
LBサーバー,LBサーバーとは、Load Balancer（ロードバランサー、負荷分散装置）としての役割を果たすサーバー、またはその機能を持つ機器やソフトウェアのことを指します。<br>Webシステムやアプリケーションの安定稼働、および高い処理能力を実現するために不可欠な要素です。<br>■LBサーバー（ロードバランサー）の役割と仕組み<br>ロードバランサーの主な役割は、クライアント（ユーザー）からWebサイトやアプリケーションへ送られる大量のアクセス（リクエスト）を、複数のバックエンドサーバー（実処理を行うサーバー群）に均等に振り分けることです。<br>1. 負荷の分散<br>2. 高可用性の実現<br>3. セッションの維持（スティッキーセッション）,"サーバー,network",,
FFFTP,FFFTP（エフエフエフティーピー）とは、Windows向けの無料（フリー）で高機能なFTPクライアントソフトウェアのことです。<br>かつては、日本のWeb制作者やシステム担当者の間で、Webサーバーへのファイル転送を行うための定番ソフトとして非常に広く利用されていました。FFFTPの主な役割は、PC（ローカル）とWebサーバー（リモート）の間で、ファイルやフォルダを簡単にやり取りできるようにすることです。,ソフトウェア,,
サービスIP,サービスIPとは、特にネットワークやシステム構成において、実際のサーバー（物理サーバーや仮想サーバー）のIPアドレスを直接ユーザーに公開せず、サービスの提供を目的として使用される論理的なIPアドレスのことです。<br>このアドレスは、複数のサーバーや負荷分散装置（LB）など、ネットワーク機器と組み合わせて利用されます。,network,,
cron(クロン),cron（クロン）とは、Unix系OS（Linux、macOSなど）で、指定した時刻や間隔でコマンドやスクリプトを自動的に繰り返し実行させるための機能、またはそのスケジューラープログラム自身を指します。<br>システム管理やアプリケーション運用において、定期的な処理を行うために不可欠なツールです。,"プログラム,ツール",,
サーバー,サーバー（Server）**とは、ネットワーク上で、クライアント（Client）と呼ばれるコンピューターやプログラムに対して、データや機能、サービスなどの資源（リソース）を提供する役割を持つコンピューター、またはその機能を提供するソフトウェアのことです。<br>「サーバー」という言葉は、文脈によって**「ハードウェア（物理的な機器）」と「ソフトウェア（機能）」**の両方を指します。<br>■サーバーの基本的な仕組みと役割<br>サーバーは、クライアントからのリクエスト（要求）を受け付け、それに対して適切なレスポンス（応答）を返すという、「クライアント・サーバーモデル」に基づいて動作します。<br>①リクエストの受付と処理<br>②資源の提供（レスポンス）<br>③常時稼働と高い処理能力,"sarver,network",,
固定値マスタ,固定値マスタ（こていちマスタ）とは、システム開発やデータベース設計において、**頻繁には変更されない、あらかじめ決められた少数の選択肢や定義済みの値を管理するためのデータ群（テーブル）を指します。<br>このマスタは、ユーザーがデータを入力する際の選択肢の統一や、アプリケーションの動作定義に使用され、業務の正確性と安定性を高めるために利用されます。,DB,,
PowerShell（パワーシェル）,PowerShell（パワーシェル）とは、Microsoftが開発した、コマンドラインシェルとスクリプト言語の機能を統合したプラットフォームです。<br>Windows OS（オペレーティングシステム）の管理と自動化を行うために設計されましたが、現在はLinuxやmacOSなど、クロスプラットフォームでも利用可能です,プラットフォーム,,
SSID,SSID（エスエスアイディ）とは、Service Set Identifier（サービス・セット・アイデンティファイア）の略で、無線LAN（Wi-Fi）のネットワークの名前のことです。<br>簡単に言えば、スマートフォンやPCでWi-Fi接続先を探すときに一覧に表示される「目印」となる文字列です。,network,,
IntelliJ (インテリジェイ),IntelliJ (インテリジェイ) とは、主にJavaを中心としたソフトウェア開発に使われる、高機能な統合開発環境 (IDE: Integrated Development Environment) のことです。<br>正式には、開発元であるチェコの企業 JetBrains が提供している製品で、「IntelliJ IDEA (インテリジェイ アイディア)」が正式名称です。<br>■IntelliJ IDEA の主な特徴<br>1. 非常に強力なコーディング支援<br>IntelliJ IDEAが最も評価されている点は、その強力なコードインテリジェンス機能です。<br>2. 対応言語の幅広さ<br>元々Java開発用に設計されましたが、プラグインや上位エディションの「Ultimate Edition」により、現在では非常に多くの言語と技術に対応しています。<br>主要言語: Java、Kotlin、Groovy、Scala<br>Web技術: HTML、CSS、JavaScript、TypeScript、React、Angular、Node.js<br>フレームワーク: Spring、Jakarta EE、Maven、Gradle など<br>3. 豊富な統合機能<br>開発に必要な多くのツールがIDE内に統合されています。<br>①バージョン管理システム<br>②デバックツール<br>③テスト<br>4. エディションの種類<br>主に2つのエディションがあります。,"IDE,Java(j2se)",,
ハッシュ値,データ（ファイル、文字列、画像など）を基にして、ハッシュ関数と呼ばれる特定の計算アルゴリズムを使って生成された、固定の長さを持つ一意な値のことです。<br>簡単に言えば、元のデータが何であれ、それを圧縮・要約して作られる「指紋」や「ID」のようなものです。,"値,network",,
おすそ分け（お裾分け）,人からいただいた品物や、自分が持っている食べ物・物品などを、さらに他の人に分けてあげることを意味します。,ビジネス,,
準委任契約（じゅんいにんけいやく）,当事者の一方がある行為をすることを相手方に委託し、相手方がそれを承諾することによって成立する契約です。<br>これは民法上の契約形態の一つで、法律行為ではない事務（作業や業務）の処理を委託する際に用いられます。,"契約,ビジネス",,
入れ子,■プログラミング・IT分野での「入れ子」<br>ITの文脈では、主に構造やコードが階層的に組み込まれている状態を指します。英語では Nested (ネステッド) と呼ばれます。<br>■ 日常生活での「入れ子」<br>意味: 小さな容器が大きな容器の中に収められている状態。,"ビジネス,development",,
アテンド (Attend),「アテンド」は、人を接待・案内・付き添い・世話をすることを意味します。,ビジネス,,
 アサイン (Assign),「アサイン」は、人や資源を特定の任務や役割に割り当てることを意味します。,ビジネス,,
ステアリング,組織が目的地（戦略目標やプロジェクトゴール）に到達するために、現在の位置（実績）を確認し、目的地への経路（計画）から逸脱していないかを監視し、必要に応じて積極的な軌道修正を行うプロセスです。,ビジネス,,
CSE.exe,■CSE.exeとは<br>SQLの編集・実行<br>レコードの新規作成・更新・削除<br>DBオブジェクトのブラウズ<br>テーブル内レコードのエクスポート・ロード<br>定義書のExcel出力,"sql,db",,
index,"索引とか見出しのこと。検索エンジンの中に記録されているホームページの情報(SEO的な意味)。検索を早くするための仕組み（データベース的な意味）。配列の添字（プログラミング的な意味）。
※配列の展示⇒配列の中にある箱（変数）ひとつひとつに割り振られている番号のこと。",db,,
配列,値を入れておく箱（変数）が複数くっついたもの,db,,
スキーマ,何かの構造を表す用語。,db,,
インサート(Insert),突っ込むこと。もとい、追加すること。しかし、大抵はSQLのinsert文のこと。,db,,
クエリ(Query),データベースに対する命令文,db,,
ハブ,■IT（情報技術）における「ハブ（Hub）」とは<br>文字通り「中心」や「中継点」を意味し、ネットワークの文脈で使われることが多いですが、ソフトウェアやシステムの文脈でも「中心的な機能を持つ場所」という意味で使われます。<br><br>〇ITにおける「ハブ」の主な意味<br>1. ネットワーク機器としての「ハブ」（最も一般的な意味）<br>ネットワーク接続において、複数のデバイス（PC、プリンターなど）を物理的に接続し、データを中継する集線装置のことです。<br>2. USBハブ（周辺機器）<br>1つのUSBポートを、複数のUSBポートに増設するための装置です。<br>・PCのUSBポートが足りない場合に、マウス、キーボード、外付けHDDなどを同時に接続するために使用されます。<br>3. システム・ソフトウェアにおける「ハブ」（中心的な場所）<br>機能や情報、サービスなどが集約される「中心的な場所」や「プラットフォーム」を指します。これは物理的な機器ではなく、概念的な役割です。,network,,
Microsoft Entra ID（旧名称：Azure Active Directory / Azure AD）,マイクロソフトが提供する、クラウドベースのIDおよびアクセス管理（Identity and Access Management: IAM）ソリューションです。<br>これは、企業や組織が利用する様々なITリソースへのアクセスを、一元的に管理し、安全性を確保するための認証基盤として機能します。,network,,
SAML認証,■SAML認証とは？<br>SAML（Security Assertion Markup Language）は、インターネットドメインが異なるサービス間で、ユーザーの**認証情報（ログインしたこと）や属性情報（氏名、部署など）を安全にやり取りするためのXMLベースの規約です。<br>簡単に言えば、「このユーザーは確かに本人である」という証明書（アサーション）を発行し、それを他のサービスに渡す仕組みです。,network,,
GlobalProtect,GlobalProtectは、Palo Alto Networksが提供するセキュアなリモートアクセスソリューション（VPN）です。<br>■GlobalProtectの主な役割と機能<br>GlobalProtectの主な役割は、社外や自宅などの信頼できないネットワーク環境からでも、企業ネットワークへ安全に接続できるようにすることです。これにより、ユーザーは場所を問わず、社内リソース（ファイルサーバー、アプリケーションなど）にアクセスできます。,"vpn,network",,
put,「サーバーに put（プット）」と言うときの「put」は、主にコンピュータネットワークやプログラミングの文脈で使われ、「データを指定された場所に置く（書き込む）操作」 を意味します。,"server,network",,
GET処理,GET処理とは、主にWeb技術の文脈で使われる言葉で、クライアント（Webブラウザやアプリケーション）がサーバーから情報を取得（リクエスト）するための処理、またはそのためのHTTPメソッド（命令）のことです。<br>簡単に言えば、「データを取ってくる」操作を指します。,HTTPメソッド,,
SEN接続,「SEN接続」とは、Sony Entertainment Network（SEN）に関連する機器やサービスをインターネット経由で接続・認証することを指します。現在はPlayStation Network（PSN）に統合されています。,"network,sony",,
ログ (Log),システムの意味での ログ (Log) とは、コンピューターシステムやアプリケーションの動作中に発生した出来事（イベント）を、日時情報とともに時系列で記録したファイルやデータ群のことを指します。<br>これは、システムの状態を監視したり、問題が発生した際の原因究明や分析を行うための**「システムの行動記録」や「電子的な航海日誌」**のようなものです。,"network,system",,
ディスク,「ディスク」とは、コンピューターがデータを永続的に保存するために使用する物理的または仮想的な記憶装置（ストレージ）を意味します。<br>簡単に言えば、ファイルやプログラムを保存している場所のことです。,"仮想記憶装置,インフラ",,
ストレージ (Storage),ストレージ (Storage) とは、コンピューターシステムにおいて、データやプログラムを電子的に記録し、保持するための記憶領域や装置全体を指します。<br>これは、システムが処理するデータ（一時的なものから永続的なものまで）を保管する場所であり、システムを構成する非常に重要な要素です,インフラ,,
シーケンシャル,物事が順番に、または連続的に処理・発生する様子を表す言葉です。<br>日本語では「順次的な」「連続した」といった意味合いで使われます。,ビジネス,,
現行環境 (げんこうかんきょう),システムの文脈で「現行環境 (げんこうかんきょう)」という言葉は、主にITプロジェクトやシステムの保守・運用において、現在本番環境として稼働している、または既存のシステム環境全体を指します。<br>これは、新しいシステムの開発や導入（リプレース）を行う際に、比較対象となる現在の基準点として使われます。,ビジネス,,
「ソケットタイムアウト」,しばしば広範な意味で使われますが、具体的にはネットワーク接続の確立時や、データの送受信全体を含めたソケット操作全般に設定されるタイムアウトです。,network,,
リードタイムアウト (Read Timeout),リードタイムアウトは、「接続が確立した後に、データを読み取る際に待機する最大時間」を指します。,network,,
Claudecode,「Claudecode」という言葉は、Anthropic社が開発した大規模言語モデル（LLM）であるClaude（クロード）に由来する非公式な用語であり、主にClaudeによって生成されたコードやプログラミングのロジックを指します。,ロジック,,
Dドライブ (D:),"
Cドライブに次いで認識されたストレージ（またはパーティション）に割り当てられることが一般的です。<br>Dドライブが何を指すかは、PCの構成によって異なります。<br>データ保存用パーティション: 物理的にCドライブと同じストレージ内の、OSとは別の領域（パーティション）として区切られ、ユーザーのデータ（文書、写真、動画など）を保存するために使われる場合。<br>光学ドライブ（CD/DVD/Blu-ray）: 昔のPCでは、内蔵のCD/DVDドライブにDドライブが割り当てられることが一般的でした。<br>追加の物理ストレージ: 2台目の内蔵HDDやSSD全体がDドライブとして割り当てられている場合。","PC,network",,
Cドライブ (C:),"
通常、PCのメインのストレージ（プライマリ・パーティション）に割り当てられます。<br>OS（Windows）のシステムファイルや、起動に必要なファイル、アプリケーションのインストール先として使われます。<br>特別な理由がない限り、PCで最初に認識されるドライブが慣習的に「C」とされます。これは、初期のPC環境でAドライブとBドライブがフロッピーディスクのために使われていた名残です。","PC,network",,
